=====================================
JOB ID: 17646
NODE: dgxa
DATE: Sun May 31 02:03:41 AM IST 2026
CUDA_VISIBLE_DEVICES=0
=====================================
GPU 0: NVIDIA A100-SXM4-40GB (UUID: GPU-ceab519b-cc48-be9a-f970-94d8ffd7fae0)
GPU 1: NVIDIA A100-SXM4-40GB (UUID: GPU-55a2654d-3cd1-f80d-57cb-b9a86b88237b)
GPU 2: NVIDIA A100-SXM4-40GB (UUID: GPU-78730405-dd1b-91a8-2df0-3be0a4ca50ae)
GPU 3: NVIDIA A100-SXM4-40GB (UUID: GPU-ffb1aa2c-3085-b152-b058-ed7e5c231b38)
GPU 4: NVIDIA A100-SXM4-40GB (UUID: GPU-5370438d-0bea-78af-1676-ca42ff7eda5b)
GPU 5: NVIDIA A100-SXM4-40GB (UUID: GPU-6033e1b5-18c1-fa25-267e-a903e7871152)
  MIG 3g.20gb     Device  0: (UUID: MIG-cda9562b-420a-5926-a18e-20c067e6be3c)
Sun May 31 02:03:42 2026       
+-----------------------------------------------------------------------------------------+
| NVIDIA-SMI 550.144.03             Driver Version: 550.144.03     CUDA Version: 12.4     |
|-----------------------------------------+------------------------+----------------------+
| GPU  Name                 Persistence-M | Bus-Id          Disp.A | Volatile Uncorr. ECC |
| Fan  Temp   Perf          Pwr:Usage/Cap |           Memory-Usage | GPU-Util  Compute M. |
|                                         |                        |               MIG M. |
|=========================================+========================+======================|
|   0  NVIDIA A100-SXM4-40GB          On  |   00000000:07:00.0 Off |                   On |
| N/A   28C    P0             98W /  400W |      88MiB /  40960MiB |     N/A      Default |
|                                         |                        |              Enabled |
+-----------------------------------------+------------------------+----------------------+
|   1  NVIDIA A100-SXM4-40GB          On  |   00000000:0F:00.0 Off |                   On |
| N/A   28C    P0             95W /  400W |      88MiB /  40960MiB |     N/A      Default |
|                                         |                        |              Enabled |
+-----------------------------------------+------------------------+----------------------+
|   2  NVIDIA A100-SXM4-40GB          On  |   00000000:47:00.0 Off |                   On |
| N/A   28C    P0            107W /  400W |    5621MiB /  40960MiB |     N/A      Default |
|                                         |                        |              Enabled |
+-----------------------------------------+------------------------+----------------------+
|   3  NVIDIA A100-SXM4-40GB          On  |   00000000:4E:00.0 Off |                   On |
| N/A   29C    P0            104W /  400W |     318MiB /  40960MiB |     N/A      Default |
|                                         |                        |              Enabled |
+-----------------------------------------+------------------------+----------------------+
|   4  NVIDIA A100-SXM4-40GB          On  |   00000000:87:00.0 Off |                   On |
| N/A   35C    P0            112W /  400W |     770MiB /  40960MiB |     N/A      Default |
|                                         |                        |              Enabled |
+-----------------------------------------+------------------------+----------------------+
|   5  NVIDIA A100-SXM4-40GB          On  |   00000000:90:00.0 Off |                   On |
| N/A   33C    P0             90W /  400W |      75MiB /  40960MiB |     N/A      Default |
|                                         |                        |              Enabled |
+-----------------------------------------+------------------------+----------------------+

+-----------------------------------------------------------------------------------------+
| MIG devices:                                                                            |
+------------------+----------------------------------+-----------+-----------------------+
| GPU  GI  CI  MIG |                     Memory-Usage |        Vol|      Shared           |
|      ID  ID  Dev |                       BAR1-Usage | SM     Unc| CE ENC DEC OFA JPG    |
|                  |                                  |        ECC|                       |
|==================+==================================+===========+=======================|
|  5    2   0   0  |              38MiB / 19968MiB    | 42      0 |  3   0    2    0    0 |
|                  |                 0MiB / 32767MiB  |           |                       |
+------------------+----------------------------------+-----------+-----------------------+
                                                                                         
+-----------------------------------------------------------------------------------------+
| Processes:                                                                              |
|  GPU   GI   CI        PID   Type   Process name                              GPU Memory |
|        ID   ID                                                               Usage      |
|=========================================================================================|
|    2    1    0      90833      C   /usr/bin/python3                             5294MiB |
|    2    5    0    3302461      C   namd3                                         222MiB |
|    3    5    0    1214485      C   namd3                                         222MiB |
|    4    3    0     368724      C   namd3                                         222MiB |
|    4    5    0    3679576      C   namd3                                         222MiB |
|    4    6    0    3681496      C   namd3                                         226MiB |
+-----------------------------------------------------------------------------------------+
Python: /dgxb_home/se25pcse007/miniconda3/envs/genai_gpu/bin/python
Torch check:
Torch: 2.6.0+cu124
CUDA Build: 12.4
CUDA Available: True
============================================================
FULL EXPERIMENT PIPELINE
Log file: results/experiment_logs/all_experiments_20260531-020348.log
============================================================

[CMD] python src/training/train_forward_predictor.py --img-dir data/Images --spectra-csv data/absorptionData_HybridGAN.csv --output-dir results/forward_predictor --epochs 25 --batch-size 16 --hidden-dim 64 --n-spectrum-points 800
Device: cuda
Loading data from data/Images and data/absorptionData_HybridGAN.csv
Loaded 18770 images
Model created with 7,290,208 parameters

Starting training...
Epoch 1/25, Batch 50, Loss: 0.030512
Epoch 1/25, Batch 100, Loss: 0.023328
Epoch 1/25, Batch 150, Loss: 0.020431
Epoch 1/25, Batch 200, Loss: 0.018798
Epoch 1/25, Batch 250, Loss: 0.017527
Epoch 1/25, Batch 300, Loss: 0.016521
Epoch 1/25, Batch 350, Loss: 0.015620
Epoch 1/25, Batch 400, Loss: 0.014918
Epoch 1/25, Batch 450, Loss: 0.014351
Epoch 1/25, Batch 500, Loss: 0.013850
Epoch 1/25, Batch 550, Loss: 0.013390
Epoch 1/25, Batch 600, Loss: 0.013031
Epoch 1/25, Batch 650, Loss: 0.012678
Epoch 1/25, Batch 700, Loss: 0.012363
Epoch 1/25, Batch 750, Loss: 0.012044
Epoch 1/25, Batch 800, Loss: 0.011787
Epoch 1/25, Batch 850, Loss: 0.011549
Epoch 1/25, Batch 900, Loss: 0.011320
Epoch 1/25, Batch 950, Loss: 0.011110
Epoch 1/25, Batch 1000, Loss: 0.010942
Epoch 1/25, Batch 1050, Loss: 0.010765
Epoch 1/25, Batch 1100, Loss: 0.010595
Epoch 1/25, Batch 1150, Loss: 0.010437
Epoch 1/25 | Loss: 0.010356 | Time: 18.1s
Epoch 2/25, Batch 50, Loss: 0.007317
Epoch 2/25, Batch 100, Loss: 0.007082
Epoch 2/25, Batch 150, Loss: 0.006972
Epoch 2/25, Batch 200, Loss: 0.006857
Epoch 2/25, Batch 250, Loss: 0.006666
Epoch 2/25, Batch 300, Loss: 0.006526
Epoch 2/25, Batch 350, Loss: 0.006500
Epoch 2/25, Batch 400, Loss: 0.006416
Epoch 2/25, Batch 450, Loss: 0.006332
Epoch 2/25, Batch 500, Loss: 0.006277
Epoch 2/25, Batch 550, Loss: 0.006206
Epoch 2/25, Batch 600, Loss: 0.006143
Epoch 2/25, Batch 650, Loss: 0.006102
Epoch 2/25, Batch 700, Loss: 0.006075
Epoch 2/25, Batch 750, Loss: 0.006034
Epoch 2/25, Batch 800, Loss: 0.005970
Epoch 2/25, Batch 850, Loss: 0.005937
Epoch 2/25, Batch 900, Loss: 0.005901
Epoch 2/25, Batch 950, Loss: 0.005842
Epoch 2/25, Batch 1000, Loss: 0.005794
Epoch 2/25, Batch 1050, Loss: 0.005763
Epoch 2/25, Batch 1100, Loss: 0.005711
Epoch 2/25, Batch 1150, Loss: 0.005657
Epoch 2/25 | Loss: 0.005641 | Time: 36.3s
Epoch 3/25, Batch 50, Loss: 0.005479
Epoch 3/25, Batch 100, Loss: 0.004985
Epoch 3/25, Batch 150, Loss: 0.004951
Epoch 3/25, Batch 200, Loss: 0.004852
Epoch 3/25, Batch 250, Loss: 0.004803
Epoch 3/25, Batch 300, Loss: 0.004785
Epoch 3/25, Batch 350, Loss: 0.004779
Epoch 3/25, Batch 400, Loss: 0.004764
Epoch 3/25, Batch 450, Loss: 0.004772
Epoch 3/25, Batch 500, Loss: 0.004747
Epoch 3/25, Batch 550, Loss: 0.004718
Epoch 3/25, Batch 600, Loss: 0.004704
Epoch 3/25, Batch 650, Loss: 0.004660
Epoch 3/25, Batch 700, Loss: 0.004629
Epoch 3/25, Batch 750, Loss: 0.004618
Epoch 3/25, Batch 800, Loss: 0.004605
Epoch 3/25, Batch 850, Loss: 0.004600
Epoch 3/25, Batch 900, Loss: 0.004579
Epoch 3/25, Batch 950, Loss: 0.004554
Epoch 3/25, Batch 1000, Loss: 0.004538
Epoch 3/25, Batch 1050, Loss: 0.004517
Epoch 3/25, Batch 1100, Loss: 0.004493
Epoch 3/25, Batch 1150, Loss: 0.004484
Epoch 3/25 | Loss: 0.004484 | Time: 54.0s
Epoch 4/25, Batch 50, Loss: 0.004273
Epoch 4/25, Batch 100, Loss: 0.004171
Epoch 4/25, Batch 150, Loss: 0.004145
Epoch 4/25, Batch 200, Loss: 0.004046
Epoch 4/25, Batch 250, Loss: 0.004012
Epoch 4/25, Batch 300, Loss: 0.004000
Epoch 4/25, Batch 350, Loss: 0.004012
Epoch 4/25, Batch 400, Loss: 0.004028
Epoch 4/25, Batch 450, Loss: 0.004046
Epoch 4/25, Batch 500, Loss: 0.004032
Epoch 4/25, Batch 550, Loss: 0.003997
Epoch 4/25, Batch 600, Loss: 0.003983
Epoch 4/25, Batch 650, Loss: 0.003977
Epoch 4/25, Batch 700, Loss: 0.003960
Epoch 4/25, Batch 750, Loss: 0.003946
Epoch 4/25, Batch 800, Loss: 0.003919
Epoch 4/25, Batch 850, Loss: 0.003913
Epoch 4/25, Batch 900, Loss: 0.003906
Epoch 4/25, Batch 950, Loss: 0.003881
Epoch 4/25, Batch 1000, Loss: 0.003878
Epoch 4/25, Batch 1050, Loss: 0.003861
Epoch 4/25, Batch 1100, Loss: 0.003857
Epoch 4/25, Batch 1150, Loss: 0.003851
Epoch 4/25 | Loss: 0.003845 | Time: 71.1s
Epoch 5/25, Batch 50, Loss: 0.003452
Epoch 5/25, Batch 100, Loss: 0.003519
Epoch 5/25, Batch 150, Loss: 0.003433
Epoch 5/25, Batch 200, Loss: 0.003459
Epoch 5/25, Batch 250, Loss: 0.003473
Epoch 5/25, Batch 300, Loss: 0.003472
Epoch 5/25, Batch 350, Loss: 0.003456
Epoch 5/25, Batch 400, Loss: 0.003438
Epoch 5/25, Batch 450, Loss: 0.003422
Epoch 5/25, Batch 500, Loss: 0.003426
Epoch 5/25, Batch 550, Loss: 0.003444
Epoch 5/25, Batch 600, Loss: 0.003451
Epoch 5/25, Batch 650, Loss: 0.003450
Epoch 5/25, Batch 700, Loss: 0.003454
Epoch 5/25, Batch 750, Loss: 0.003435
Epoch 5/25, Batch 800, Loss: 0.003432
Epoch 5/25, Batch 850, Loss: 0.003433
Epoch 5/25, Batch 900, Loss: 0.003440
Epoch 5/25, Batch 950, Loss: 0.003436
Epoch 5/25, Batch 1000, Loss: 0.003420
Epoch 5/25, Batch 1050, Loss: 0.003412
Epoch 5/25, Batch 1100, Loss: 0.003404
Epoch 5/25, Batch 1150, Loss: 0.003411
Epoch 5/25 | Loss: 0.003409 | Time: 91.2s
Epoch 6/25, Batch 50, Loss: 0.003058
Epoch 6/25, Batch 100, Loss: 0.003042
Epoch 6/25, Batch 150, Loss: 0.003134
Epoch 6/25, Batch 200, Loss: 0.003118
Epoch 6/25, Batch 250, Loss: 0.003165
Epoch 6/25, Batch 300, Loss: 0.003135
Epoch 6/25, Batch 350, Loss: 0.003130
Epoch 6/25, Batch 400, Loss: 0.003125
Epoch 6/25, Batch 450, Loss: 0.003119
Epoch 6/25, Batch 500, Loss: 0.003121
Epoch 6/25, Batch 550, Loss: 0.003137
Epoch 6/25, Batch 600, Loss: 0.003146
Epoch 6/25, Batch 650, Loss: 0.003134
Epoch 6/25, Batch 700, Loss: 0.003135
Epoch 6/25, Batch 750, Loss: 0.003140
Epoch 6/25, Batch 800, Loss: 0.003150
Epoch 6/25, Batch 850, Loss: 0.003146
Epoch 6/25, Batch 900, Loss: 0.003127
Epoch 6/25, Batch 950, Loss: 0.003117
Epoch 6/25, Batch 1000, Loss: 0.003104
Epoch 6/25, Batch 1050, Loss: 0.003109
Epoch 6/25, Batch 1100, Loss: 0.003097
Epoch 6/25, Batch 1150, Loss: 0.003091
Epoch 6/25 | Loss: 0.003089 | Time: 113.2s
Epoch 7/25, Batch 50, Loss: 0.003054
Epoch 7/25, Batch 100, Loss: 0.003022
Epoch 7/25, Batch 150, Loss: 0.003019
Epoch 7/25, Batch 200, Loss: 0.002983
Epoch 7/25, Batch 250, Loss: 0.002944
Epoch 7/25, Batch 300, Loss: 0.002921
Epoch 7/25, Batch 350, Loss: 0.002907
Epoch 7/25, Batch 400, Loss: 0.002889
Epoch 7/25, Batch 450, Loss: 0.002870
Epoch 7/25, Batch 500, Loss: 0.002872
Epoch 7/25, Batch 550, Loss: 0.002864
Epoch 7/25, Batch 600, Loss: 0.002848
Epoch 7/25, Batch 650, Loss: 0.002866
Epoch 7/25, Batch 700, Loss: 0.002846
Epoch 7/25, Batch 750, Loss: 0.002840
Epoch 7/25, Batch 800, Loss: 0.002832
Epoch 7/25, Batch 850, Loss: 0.002818
Epoch 7/25, Batch 900, Loss: 0.002812
Epoch 7/25, Batch 950, Loss: 0.002788
Epoch 7/25, Batch 1000, Loss: 0.002782
Epoch 7/25, Batch 1050, Loss: 0.002770
Epoch 7/25, Batch 1100, Loss: 0.002762
Epoch 7/25, Batch 1150, Loss: 0.002768
Epoch 7/25 | Loss: 0.002774 | Time: 130.0s
Epoch 8/25, Batch 50, Loss: 0.002871
Epoch 8/25, Batch 100, Loss: 0.002805
Epoch 8/25, Batch 150, Loss: 0.002742
Epoch 8/25, Batch 200, Loss: 0.002747
Epoch 8/25, Batch 250, Loss: 0.002691
Epoch 8/25, Batch 300, Loss: 0.002667
Epoch 8/25, Batch 350, Loss: 0.002651
Epoch 8/25, Batch 400, Loss: 0.002622
Epoch 8/25, Batch 450, Loss: 0.002608
Epoch 8/25, Batch 500, Loss: 0.002621
Epoch 8/25, Batch 550, Loss: 0.002631
Epoch 8/25, Batch 600, Loss: 0.002639
Epoch 8/25, Batch 650, Loss: 0.002641
Epoch 8/25, Batch 700, Loss: 0.002627
Epoch 8/25, Batch 750, Loss: 0.002623
Epoch 8/25, Batch 800, Loss: 0.002609
Epoch 8/25, Batch 850, Loss: 0.002604
Epoch 8/25, Batch 900, Loss: 0.002599
Epoch 8/25, Batch 950, Loss: 0.002593
Epoch 8/25, Batch 1000, Loss: 0.002584
Epoch 8/25, Batch 1050, Loss: 0.002574
Epoch 8/25, Batch 1100, Loss: 0.002567
Epoch 8/25, Batch 1150, Loss: 0.002567
Epoch 8/25 | Loss: 0.002566 | Time: 146.7s
Epoch 9/25, Batch 50, Loss: 0.002234
Epoch 9/25, Batch 100, Loss: 0.002182
Epoch 9/25, Batch 150, Loss: 0.002271
Epoch 9/25, Batch 200, Loss: 0.002324
Epoch 9/25, Batch 250, Loss: 0.002347
Epoch 9/25, Batch 300, Loss: 0.002367
Epoch 9/25, Batch 350, Loss: 0.002360
Epoch 9/25, Batch 400, Loss: 0.002390
Epoch 9/25, Batch 450, Loss: 0.002394
Epoch 9/25, Batch 500, Loss: 0.002396
Epoch 9/25, Batch 550, Loss: 0.002409
Epoch 9/25, Batch 600, Loss: 0.002404
Epoch 9/25, Batch 650, Loss: 0.002395
Epoch 9/25, Batch 700, Loss: 0.002387
Epoch 9/25, Batch 750, Loss: 0.002387
Epoch 9/25, Batch 800, Loss: 0.002378
Epoch 9/25, Batch 850, Loss: 0.002369
Epoch 9/25, Batch 900, Loss: 0.002370
Epoch 9/25, Batch 950, Loss: 0.002373
Epoch 9/25, Batch 1000, Loss: 0.002380
Epoch 9/25, Batch 1050, Loss: 0.002378
Epoch 9/25, Batch 1100, Loss: 0.002385
Epoch 9/25, Batch 1150, Loss: 0.002376
Epoch 9/25 | Loss: 0.002375 | Time: 163.2s
Epoch 10/25, Batch 50, Loss: 0.002174
Epoch 10/25, Batch 100, Loss: 0.002130
Epoch 10/25, Batch 150, Loss: 0.002183
Epoch 10/25, Batch 200, Loss: 0.002177
Epoch 10/25, Batch 250, Loss: 0.002162
Epoch 10/25, Batch 300, Loss: 0.002148
Epoch 10/25, Batch 350, Loss: 0.002164
Epoch 10/25, Batch 400, Loss: 0.002176
Epoch 10/25, Batch 450, Loss: 0.002205
Epoch 10/25, Batch 500, Loss: 0.002237
Epoch 10/25, Batch 550, Loss: 0.002241
Epoch 10/25, Batch 600, Loss: 0.002244
Epoch 10/25, Batch 650, Loss: 0.002232
Epoch 10/25, Batch 700, Loss: 0.002228
Epoch 10/25, Batch 750, Loss: 0.002242
Epoch 10/25, Batch 800, Loss: 0.002244
Epoch 10/25, Batch 850, Loss: 0.002251
Epoch 10/25, Batch 900, Loss: 0.002242
Epoch 10/25, Batch 950, Loss: 0.002233
Epoch 10/25, Batch 1000, Loss: 0.002225
Epoch 10/25, Batch 1050, Loss: 0.002228
Epoch 10/25, Batch 1100, Loss: 0.002232
Epoch 10/25, Batch 1150, Loss: 0.002235
Epoch 10/25 | Loss: 0.002230 | Time: 179.7s
Epoch 11/25, Batch 50, Loss: 0.002062
Epoch 11/25, Batch 100, Loss: 0.002123
Epoch 11/25, Batch 150, Loss: 0.002123
Epoch 11/25, Batch 200, Loss: 0.002115
Epoch 11/25, Batch 250, Loss: 0.002127
Epoch 11/25, Batch 300, Loss: 0.002124
Epoch 11/25, Batch 350, Loss: 0.002117
Epoch 11/25, Batch 400, Loss: 0.002088
Epoch 11/25, Batch 450, Loss: 0.002070
Epoch 11/25, Batch 500, Loss: 0.002077
Epoch 11/25, Batch 550, Loss: 0.002098
Epoch 11/25, Batch 600, Loss: 0.002096
Epoch 11/25, Batch 650, Loss: 0.002109
Epoch 11/25, Batch 700, Loss: 0.002117
Epoch 11/25, Batch 750, Loss: 0.002118
Epoch 11/25, Batch 800, Loss: 0.002112
Epoch 11/25, Batch 850, Loss: 0.002109
Epoch 11/25, Batch 900, Loss: 0.002107
Epoch 11/25, Batch 950, Loss: 0.002106
Epoch 11/25, Batch 1000, Loss: 0.002101
Epoch 11/25, Batch 1050, Loss: 0.002091
Epoch 11/25, Batch 1100, Loss: 0.002084
Epoch 11/25, Batch 1150, Loss: 0.002090
Epoch 11/25 | Loss: 0.002095 | Time: 196.4s
Epoch 12/25, Batch 50, Loss: 0.002393
Epoch 12/25, Batch 100, Loss: 0.002234
Epoch 12/25, Batch 150, Loss: 0.002164
Epoch 12/25, Batch 200, Loss: 0.002075
Epoch 12/25, Batch 250, Loss: 0.002096
Epoch 12/25, Batch 300, Loss: 0.002067
Epoch 12/25, Batch 350, Loss: 0.002038
Epoch 12/25, Batch 400, Loss: 0.002031
Epoch 12/25, Batch 450, Loss: 0.002009
Epoch 12/25, Batch 500, Loss: 0.002011
Epoch 12/25, Batch 550, Loss: 0.002003
Epoch 12/25, Batch 600, Loss: 0.002010
Epoch 12/25, Batch 650, Loss: 0.002023
Epoch 12/25, Batch 700, Loss: 0.002016
Epoch 12/25, Batch 750, Loss: 0.002009
Epoch 12/25, Batch 800, Loss: 0.002007
Epoch 12/25, Batch 850, Loss: 0.002002
Epoch 12/25, Batch 900, Loss: 0.002006
Epoch 12/25, Batch 950, Loss: 0.002013
Epoch 12/25, Batch 1000, Loss: 0.002015
Epoch 12/25, Batch 1050, Loss: 0.002007
Epoch 12/25, Batch 1100, Loss: 0.002002
Epoch 12/25, Batch 1150, Loss: 0.002001
Epoch 12/25 | Loss: 0.002004 | Time: 212.8s
Epoch 13/25, Batch 50, Loss: 0.002213
Epoch 13/25, Batch 100, Loss: 0.002093
Epoch 13/25, Batch 150, Loss: 0.002049
Epoch 13/25, Batch 200, Loss: 0.002014
Epoch 13/25, Batch 250, Loss: 0.001981
Epoch 13/25, Batch 300, Loss: 0.001961
Epoch 13/25, Batch 350, Loss: 0.001956
Epoch 13/25, Batch 400, Loss: 0.001947
Epoch 13/25, Batch 450, Loss: 0.001920
Epoch 13/25, Batch 500, Loss: 0.001913
Epoch 13/25, Batch 550, Loss: 0.001915
Epoch 13/25, Batch 600, Loss: 0.001910
Epoch 13/25, Batch 650, Loss: 0.001911
Epoch 13/25, Batch 700, Loss: 0.001906
Epoch 13/25, Batch 750, Loss: 0.001909
Epoch 13/25, Batch 800, Loss: 0.001909
Epoch 13/25, Batch 850, Loss: 0.001903
Epoch 13/25, Batch 900, Loss: 0.001897
Epoch 13/25, Batch 950, Loss: 0.001899
Epoch 13/25, Batch 1000, Loss: 0.001899
Epoch 13/25, Batch 1050, Loss: 0.001900
Epoch 13/25, Batch 1100, Loss: 0.001893
Epoch 13/25, Batch 1150, Loss: 0.001893
Epoch 13/25 | Loss: 0.001897 | Time: 229.2s
Epoch 14/25, Batch 50, Loss: 0.001905
Epoch 14/25, Batch 100, Loss: 0.001890
Epoch 14/25, Batch 150, Loss: 0.001858
Epoch 14/25, Batch 200, Loss: 0.001841
Epoch 14/25, Batch 250, Loss: 0.001835
Epoch 14/25, Batch 300, Loss: 0.001832
Epoch 14/25, Batch 350, Loss: 0.001824
Epoch 14/25, Batch 400, Loss: 0.001814
Epoch 14/25, Batch 450, Loss: 0.001827
Epoch 14/25, Batch 500, Loss: 0.001834
Epoch 14/25, Batch 550, Loss: 0.001828
Epoch 14/25, Batch 600, Loss: 0.001821
Epoch 14/25, Batch 650, Loss: 0.001815
Epoch 14/25, Batch 700, Loss: 0.001814
Epoch 14/25, Batch 750, Loss: 0.001813
Epoch 14/25, Batch 800, Loss: 0.001812
Epoch 14/25, Batch 850, Loss: 0.001819
Epoch 14/25, Batch 900, Loss: 0.001817
Epoch 14/25, Batch 950, Loss: 0.001819
Epoch 14/25, Batch 1000, Loss: 0.001812
Epoch 14/25, Batch 1050, Loss: 0.001802
Epoch 14/25, Batch 1100, Loss: 0.001803
Epoch 14/25, Batch 1150, Loss: 0.001803
Epoch 14/25 | Loss: 0.001803 | Time: 245.7s
Epoch 15/25, Batch 50, Loss: 0.001990
Epoch 15/25, Batch 100, Loss: 0.001839
Epoch 15/25, Batch 150, Loss: 0.001851
Epoch 15/25, Batch 200, Loss: 0.001862
Epoch 15/25, Batch 250, Loss: 0.001832
Epoch 15/25, Batch 300, Loss: 0.001795
Epoch 15/25, Batch 350, Loss: 0.001791
Epoch 15/25, Batch 400, Loss: 0.001795
Epoch 15/25, Batch 450, Loss: 0.001781
Epoch 15/25, Batch 500, Loss: 0.001777
Epoch 15/25, Batch 550, Loss: 0.001788
Epoch 15/25, Batch 600, Loss: 0.001783
Epoch 15/25, Batch 650, Loss: 0.001788
Epoch 15/25, Batch 700, Loss: 0.001795
Epoch 15/25, Batch 750, Loss: 0.001804
Epoch 15/25, Batch 800, Loss: 0.001796
Epoch 15/25, Batch 850, Loss: 0.001786
Epoch 15/25, Batch 900, Loss: 0.001783
Epoch 15/25, Batch 950, Loss: 0.001781
Epoch 15/25, Batch 1000, Loss: 0.001777
Epoch 15/25, Batch 1050, Loss: 0.001780
Epoch 15/25, Batch 1100, Loss: 0.001774
Epoch 15/25, Batch 1150, Loss: 0.001774
Epoch 15/25 | Loss: 0.001775 | Time: 261.9s
Epoch 16/25, Batch 50, Loss: 0.002324
Epoch 16/25, Batch 100, Loss: 0.002124
Epoch 16/25, Batch 150, Loss: 0.002018
Epoch 16/25, Batch 200, Loss: 0.001964
Epoch 16/25, Batch 250, Loss: 0.001929
Epoch 16/25, Batch 300, Loss: 0.001894
Epoch 16/25, Batch 350, Loss: 0.001882
Epoch 16/25, Batch 400, Loss: 0.001860
Epoch 16/25, Batch 450, Loss: 0.001830
Epoch 16/25, Batch 500, Loss: 0.001792
Epoch 16/25, Batch 550, Loss: 0.001776
Epoch 16/25, Batch 600, Loss: 0.001766
Epoch 16/25, Batch 650, Loss: 0.001762
Epoch 16/25, Batch 700, Loss: 0.001753
Epoch 16/25, Batch 750, Loss: 0.001748
Epoch 16/25, Batch 800, Loss: 0.001747
Epoch 16/25, Batch 850, Loss: 0.001740
Epoch 16/25, Batch 900, Loss: 0.001733
Epoch 16/25, Batch 950, Loss: 0.001734
Epoch 16/25, Batch 1000, Loss: 0.001734
Epoch 16/25, Batch 1050, Loss: 0.001730
Epoch 16/25, Batch 1100, Loss: 0.001730
Epoch 16/25, Batch 1150, Loss: 0.001725
Epoch 16/25 | Loss: 0.001722 | Time: 278.3s
Epoch 17/25, Batch 50, Loss: 0.001580
Epoch 17/25, Batch 100, Loss: 0.001647
Epoch 17/25, Batch 150, Loss: 0.001677
Epoch 17/25, Batch 200, Loss: 0.001688
Epoch 17/25, Batch 250, Loss: 0.001676
Epoch 17/25, Batch 300, Loss: 0.001661
Epoch 17/25, Batch 350, Loss: 0.001636
Epoch 17/25, Batch 400, Loss: 0.001626
Epoch 17/25, Batch 450, Loss: 0.001625
Epoch 17/25, Batch 500, Loss: 0.001614
Epoch 17/25, Batch 550, Loss: 0.001609
Epoch 17/25, Batch 600, Loss: 0.001606
Epoch 17/25, Batch 650, Loss: 0.001593
Epoch 17/25, Batch 700, Loss: 0.001593
Epoch 17/25, Batch 750, Loss: 0.001601
Epoch 17/25, Batch 800, Loss: 0.001611
Epoch 17/25, Batch 850, Loss: 0.001621
Epoch 17/25, Batch 900, Loss: 0.001630
Epoch 17/25, Batch 950, Loss: 0.001638
Epoch 17/25, Batch 1000, Loss: 0.001638
Epoch 17/25, Batch 1050, Loss: 0.001631
Epoch 17/25, Batch 1100, Loss: 0.001627
Epoch 17/25, Batch 1150, Loss: 0.001626
Epoch 17/25 | Loss: 0.001628 | Time: 295.0s
Epoch 18/25, Batch 50, Loss: 0.001579
Epoch 18/25, Batch 100, Loss: 0.001611
Epoch 18/25, Batch 150, Loss: 0.001594
Epoch 18/25, Batch 200, Loss: 0.001588
Epoch 18/25, Batch 250, Loss: 0.001589
Epoch 18/25, Batch 300, Loss: 0.001587
Epoch 18/25, Batch 350, Loss: 0.001590
Epoch 18/25, Batch 400, Loss: 0.001593
Epoch 18/25, Batch 450, Loss: 0.001613
Epoch 18/25, Batch 500, Loss: 0.001589
Epoch 18/25, Batch 550, Loss: 0.001581
Epoch 18/25, Batch 600, Loss: 0.001581
Epoch 18/25, Batch 650, Loss: 0.001590
Epoch 18/25, Batch 700, Loss: 0.001589
Epoch 18/25, Batch 750, Loss: 0.001593
Epoch 18/25, Batch 800, Loss: 0.001590
Epoch 18/25, Batch 850, Loss: 0.001595
Epoch 18/25, Batch 900, Loss: 0.001592
Epoch 18/25, Batch 950, Loss: 0.001590
Epoch 18/25, Batch 1000, Loss: 0.001588
Epoch 18/25, Batch 1050, Loss: 0.001593
Epoch 18/25, Batch 1100, Loss: 0.001591
Epoch 18/25, Batch 1150, Loss: 0.001585
Epoch 18/25 | Loss: 0.001586 | Time: 311.6s
Epoch 19/25, Batch 50, Loss: 0.001375
Epoch 19/25, Batch 100, Loss: 0.001410
Epoch 19/25, Batch 150, Loss: 0.001453
Epoch 19/25, Batch 200, Loss: 0.001465
Epoch 19/25, Batch 250, Loss: 0.001495
Epoch 19/25, Batch 300, Loss: 0.001533
Epoch 19/25, Batch 350, Loss: 0.001539
Epoch 19/25, Batch 400, Loss: 0.001536
Epoch 19/25, Batch 450, Loss: 0.001540
Epoch 19/25, Batch 500, Loss: 0.001547
Epoch 19/25, Batch 550, Loss: 0.001544
Epoch 19/25, Batch 600, Loss: 0.001548
Epoch 19/25, Batch 650, Loss: 0.001546
Epoch 19/25, Batch 700, Loss: 0.001545
Epoch 19/25, Batch 750, Loss: 0.001543
Epoch 19/25, Batch 800, Loss: 0.001530
Epoch 19/25, Batch 850, Loss: 0.001524
Epoch 19/25, Batch 900, Loss: 0.001521
Epoch 19/25, Batch 950, Loss: 0.001526
Epoch 19/25, Batch 1000, Loss: 0.001524
Epoch 19/25, Batch 1050, Loss: 0.001525
Epoch 19/25, Batch 1100, Loss: 0.001526
Epoch 19/25, Batch 1150, Loss: 0.001527
Epoch 19/25 | Loss: 0.001524 | Time: 328.3s
Epoch 20/25, Batch 50, Loss: 0.001433
Epoch 20/25, Batch 100, Loss: 0.001395
Epoch 20/25, Batch 150, Loss: 0.001415
Epoch 20/25, Batch 200, Loss: 0.001470
Epoch 20/25, Batch 250, Loss: 0.001481
Epoch 20/25, Batch 300, Loss: 0.001482
Epoch 20/25, Batch 350, Loss: 0.001483
Epoch 20/25, Batch 400, Loss: 0.001481
Epoch 20/25, Batch 450, Loss: 0.001482
Epoch 20/25, Batch 500, Loss: 0.001493
Epoch 20/25, Batch 550, Loss: 0.001491
Epoch 20/25, Batch 600, Loss: 0.001494
Epoch 20/25, Batch 650, Loss: 0.001502
Epoch 20/25, Batch 700, Loss: 0.001494
Epoch 20/25, Batch 750, Loss: 0.001490
Epoch 20/25, Batch 800, Loss: 0.001501
Epoch 20/25, Batch 850, Loss: 0.001496
Epoch 20/25, Batch 900, Loss: 0.001489
Epoch 20/25, Batch 950, Loss: 0.001492
Epoch 20/25, Batch 1000, Loss: 0.001489
Epoch 20/25, Batch 1050, Loss: 0.001487
Epoch 20/25, Batch 1100, Loss: 0.001484
Epoch 20/25, Batch 1150, Loss: 0.001481
Epoch 20/25 | Loss: 0.001481 | Time: 344.8s
Epoch 21/25, Batch 50, Loss: 0.001479
Epoch 21/25, Batch 100, Loss: 0.001457
Epoch 21/25, Batch 150, Loss: 0.001454
Epoch 21/25, Batch 200, Loss: 0.001434
Epoch 21/25, Batch 250, Loss: 0.001414
Epoch 21/25, Batch 300, Loss: 0.001426
Epoch 21/25, Batch 350, Loss: 0.001450
Epoch 21/25, Batch 400, Loss: 0.001452
Epoch 21/25, Batch 450, Loss: 0.001445
Epoch 21/25, Batch 500, Loss: 0.001438
Epoch 21/25, Batch 550, Loss: 0.001433
Epoch 21/25, Batch 600, Loss: 0.001432
Epoch 21/25, Batch 650, Loss: 0.001431
Epoch 21/25, Batch 700, Loss: 0.001432
Epoch 21/25, Batch 750, Loss: 0.001434
Epoch 21/25, Batch 800, Loss: 0.001434
Epoch 21/25, Batch 850, Loss: 0.001428
Epoch 21/25, Batch 900, Loss: 0.001425
Epoch 21/25, Batch 950, Loss: 0.001420
Epoch 21/25, Batch 1000, Loss: 0.001415
Epoch 21/25, Batch 1050, Loss: 0.001418
Epoch 21/25, Batch 1100, Loss: 0.001413
Epoch 21/25, Batch 1150, Loss: 0.001415
Epoch 21/25 | Loss: 0.001414 | Time: 361.3s
Epoch 22/25, Batch 50, Loss: 0.001520
Epoch 22/25, Batch 100, Loss: 0.001500
Epoch 22/25, Batch 150, Loss: 0.001439
Epoch 22/25, Batch 200, Loss: 0.001381
Epoch 22/25, Batch 250, Loss: 0.001372
Epoch 22/25, Batch 300, Loss: 0.001376
Epoch 22/25, Batch 350, Loss: 0.001386
Epoch 22/25, Batch 400, Loss: 0.001379
Epoch 22/25, Batch 450, Loss: 0.001377
Epoch 22/25, Batch 500, Loss: 0.001381
Epoch 22/25, Batch 550, Loss: 0.001383
Epoch 22/25, Batch 600, Loss: 0.001376
Epoch 22/25, Batch 650, Loss: 0.001382
Epoch 22/25, Batch 700, Loss: 0.001390
Epoch 22/25, Batch 750, Loss: 0.001388
Epoch 22/25, Batch 800, Loss: 0.001385
Epoch 22/25, Batch 850, Loss: 0.001382
Epoch 22/25, Batch 900, Loss: 0.001384
Epoch 22/25, Batch 950, Loss: 0.001389
Epoch 22/25, Batch 1000, Loss: 0.001392
Epoch 22/25, Batch 1050, Loss: 0.001391
Epoch 22/25, Batch 1100, Loss: 0.001388
Epoch 22/25, Batch 1150, Loss: 0.001384
Epoch 22/25 | Loss: 0.001390 | Time: 377.9s
Epoch 23/25, Batch 50, Loss: 0.001467
Epoch 23/25, Batch 100, Loss: 0.001370
Epoch 23/25, Batch 150, Loss: 0.001358
Epoch 23/25, Batch 200, Loss: 0.001338
Epoch 23/25, Batch 250, Loss: 0.001316
Epoch 23/25, Batch 300, Loss: 0.001302
Epoch 23/25, Batch 350, Loss: 0.001310
Epoch 23/25, Batch 400, Loss: 0.001313
Epoch 23/25, Batch 450, Loss: 0.001308
Epoch 23/25, Batch 500, Loss: 0.001315
Epoch 23/25, Batch 550, Loss: 0.001316
Epoch 23/25, Batch 600, Loss: 0.001323
Epoch 23/25, Batch 650, Loss: 0.001323
Epoch 23/25, Batch 700, Loss: 0.001323
Epoch 23/25, Batch 750, Loss: 0.001326
Epoch 23/25, Batch 800, Loss: 0.001325
Epoch 23/25, Batch 850, Loss: 0.001331
Epoch 23/25, Batch 900, Loss: 0.001330
Epoch 23/25, Batch 950, Loss: 0.001327
Epoch 23/25, Batch 1000, Loss: 0.001329
Epoch 23/25, Batch 1050, Loss: 0.001331
Epoch 23/25, Batch 1100, Loss: 0.001333
Epoch 23/25, Batch 1150, Loss: 0.001336
Epoch 23/25 | Loss: 0.001338 | Time: 394.3s
Epoch 24/25, Batch 50, Loss: 0.001435
Epoch 24/25, Batch 100, Loss: 0.001430
Epoch 24/25, Batch 150, Loss: 0.001397
Epoch 24/25, Batch 200, Loss: 0.001338
Epoch 24/25, Batch 250, Loss: 0.001316
Epoch 24/25, Batch 300, Loss: 0.001306
Epoch 24/25, Batch 350, Loss: 0.001284
Epoch 24/25, Batch 400, Loss: 0.001280
Epoch 24/25, Batch 450, Loss: 0.001273
Epoch 24/25, Batch 500, Loss: 0.001282
Epoch 24/25, Batch 550, Loss: 0.001283
Epoch 24/25, Batch 600, Loss: 0.001289
Epoch 24/25, Batch 650, Loss: 0.001283
Epoch 24/25, Batch 700, Loss: 0.001281
Epoch 24/25, Batch 750, Loss: 0.001285
Epoch 24/25, Batch 800, Loss: 0.001285
Epoch 24/25, Batch 850, Loss: 0.001283
Epoch 24/25, Batch 900, Loss: 0.001291
Epoch 24/25, Batch 950, Loss: 0.001302
Epoch 24/25, Batch 1000, Loss: 0.001309
Epoch 24/25, Batch 1050, Loss: 0.001311
Epoch 24/25, Batch 1100, Loss: 0.001311
Epoch 24/25, Batch 1150, Loss: 0.001310
Epoch 24/25 | Loss: 0.001315 | Time: 409.3s
Epoch 25/25, Batch 50, Loss: 0.001288
Epoch 25/25, Batch 100, Loss: 0.001273
Epoch 25/25, Batch 150, Loss: 0.001228
Epoch 25/25, Batch 200, Loss: 0.001244
Epoch 25/25, Batch 250, Loss: 0.001236
Epoch 25/25, Batch 300, Loss: 0.001253
Epoch 25/25, Batch 350, Loss: 0.001241
Epoch 25/25, Batch 400, Loss: 0.001240
Epoch 25/25, Batch 450, Loss: 0.001237
Epoch 25/25, Batch 500, Loss: 0.001233
Epoch 25/25, Batch 550, Loss: 0.001233
Epoch 25/25, Batch 600, Loss: 0.001238
Epoch 25/25, Batch 650, Loss: 0.001241
Epoch 25/25, Batch 700, Loss: 0.001241
Epoch 25/25, Batch 750, Loss: 0.001250
Epoch 25/25, Batch 800, Loss: 0.001256
Epoch 25/25, Batch 850, Loss: 0.001261
Epoch 25/25, Batch 900, Loss: 0.001268
Epoch 25/25, Batch 950, Loss: 0.001269
Epoch 25/25, Batch 1000, Loss: 0.001273
Epoch 25/25, Batch 1050, Loss: 0.001271
Epoch 25/25, Batch 1100, Loss: 0.001268
Epoch 25/25, Batch 1150, Loss: 0.001271
Epoch 25/25 | Loss: 0.001274 | Time: 424.5s

Model saved to results/forward_predictor/run_20260531-020352/forward_predictor.pth

Evaluating on final batch...

Validation Metrics:
  MSE: 0.000826
  MAE: 0.012840
  Max Error: 0.692171
  Correlation: 0.977204

Forward predictor run: results/forward_predictor/run_20260531-020352

[CMD] python src/training/train_design_autoencoder.py --img-dir data/Images --spectra-csv data/absorptionData_HybridGAN.csv --output-dir results/design_autoencoder_det --epochs 40 --batch-size 16 --hidden-dim 64 --latent-size 16 --latent-channels 1
Device: cuda
Loading data from data/Images and data/absorptionData_HybridGAN.csv
Autoencoder parameters: 8,335,939
Use VAE: False, AMP: False, beta: 1.0

Starting training...
Epoch 1/40, Batch 293, Loss: 0.257609
Epoch 1/40, Batch 586, Loss: 0.171917
Epoch 1/40, Batch 879, Loss: 0.137253
Epoch 1/40, Batch 1172, Loss: 0.117835
Epoch 1/40 | Loss: 0.118048 | Time: 23.6s
Epoch 2/40, Batch 293, Loss: 0.054457
Epoch 2/40, Batch 586, Loss: 0.052291
Epoch 2/40, Batch 879, Loss: 0.050670
Epoch 2/40, Batch 1172, Loss: 0.048689
Epoch 2/40 | Loss: 0.048713 | Time: 44.0s
Epoch 3/40, Batch 293, Loss: 0.042335
Epoch 3/40, Batch 586, Loss: 0.042335
Epoch 3/40, Batch 879, Loss: 0.041417
Epoch 3/40, Batch 1172, Loss: 0.040627
Epoch 3/40 | Loss: 0.040715 | Time: 64.5s
Epoch 4/40, Batch 293, Loss: 0.039306
Epoch 4/40, Batch 586, Loss: 0.038500
Epoch 4/40, Batch 879, Loss: 0.037900
Epoch 4/40, Batch 1172, Loss: 0.037112
Epoch 4/40 | Loss: 0.037294 | Time: 85.6s
Epoch 5/40, Batch 293, Loss: 0.034234
Epoch 5/40, Batch 586, Loss: 0.034326
Epoch 5/40, Batch 879, Loss: 0.033469
Epoch 5/40, Batch 1172, Loss: 0.033003
Epoch 5/40 | Loss: 0.033048 | Time: 106.4s
Epoch 6/40, Batch 293, Loss: 0.031196
Epoch 6/40, Batch 586, Loss: 0.030671
Epoch 6/40, Batch 879, Loss: 0.030507
Epoch 6/40, Batch 1172, Loss: 0.030140
Epoch 6/40 | Loss: 0.030240 | Time: 128.6s
Epoch 7/40, Batch 293, Loss: 0.028997
Epoch 7/40, Batch 586, Loss: 0.029060
Epoch 7/40, Batch 879, Loss: 0.028943
Epoch 7/40, Batch 1172, Loss: 0.028501
Epoch 7/40 | Loss: 0.028547 | Time: 149.5s
Epoch 8/40, Batch 293, Loss: 0.027058
Epoch 8/40, Batch 586, Loss: 0.026974
Epoch 8/40, Batch 879, Loss: 0.026690
Epoch 8/40, Batch 1172, Loss: 0.026407
Epoch 8/40 | Loss: 0.026462 | Time: 170.1s
Epoch 9/40, Batch 293, Loss: 0.025187
Epoch 9/40, Batch 586, Loss: 0.024836
Epoch 9/40, Batch 879, Loss: 0.024815
Epoch 9/40, Batch 1172, Loss: 0.024577
Epoch 9/40 | Loss: 0.024624 | Time: 189.7s
Epoch 10/40, Batch 293, Loss: 0.024380
Epoch 10/40, Batch 586, Loss: 0.024412
Epoch 10/40, Batch 879, Loss: 0.024202
Epoch 10/40, Batch 1172, Loss: 0.023891
Epoch 10/40 | Loss: 0.023960 | Time: 209.4s
Epoch 11/40, Batch 293, Loss: 0.022582
Epoch 11/40, Batch 586, Loss: 0.022170
Epoch 11/40, Batch 879, Loss: 0.021859
Epoch 11/40, Batch 1172, Loss: 0.022100
Epoch 11/40 | Loss: 0.022237 | Time: 230.4s
Epoch 12/40, Batch 293, Loss: 0.022338
Epoch 12/40, Batch 586, Loss: 0.022203
Epoch 12/40, Batch 879, Loss: 0.021860
Epoch 12/40, Batch 1172, Loss: 0.021822
Epoch 12/40 | Loss: 0.021864 | Time: 250.8s
Epoch 13/40, Batch 293, Loss: 0.021827
Epoch 13/40, Batch 586, Loss: 0.020878
Epoch 13/40, Batch 879, Loss: 0.020586
Epoch 13/40, Batch 1172, Loss: 0.020488
Epoch 13/40 | Loss: 0.020557 | Time: 271.4s
Epoch 14/40, Batch 293, Loss: 0.020940
Epoch 14/40, Batch 586, Loss: 0.020683
Epoch 14/40, Batch 879, Loss: 0.020439
Epoch 14/40, Batch 1172, Loss: 0.020473
Epoch 14/40 | Loss: 0.020494 | Time: 292.5s
Epoch 15/40, Batch 293, Loss: 0.019417
Epoch 15/40, Batch 586, Loss: 0.019350
Epoch 15/40, Batch 879, Loss: 0.019528
Epoch 15/40, Batch 1172, Loss: 0.019616
Epoch 15/40 | Loss: 0.019651 | Time: 313.2s
Epoch 16/40, Batch 293, Loss: 0.019191
Epoch 16/40, Batch 586, Loss: 0.019066
Epoch 16/40, Batch 879, Loss: 0.018957
Epoch 16/40, Batch 1172, Loss: 0.018829
Epoch 16/40 | Loss: 0.018863 | Time: 334.0s
Epoch 17/40, Batch 293, Loss: 0.017759
Epoch 17/40, Batch 586, Loss: 0.018240
Epoch 17/40, Batch 879, Loss: 0.018164
Epoch 17/40, Batch 1172, Loss: 0.018231
Epoch 17/40 | Loss: 0.018263 | Time: 352.8s
Epoch 18/40, Batch 293, Loss: 0.018245
Epoch 18/40, Batch 586, Loss: 0.017866
Epoch 18/40, Batch 879, Loss: 0.017897
Epoch 18/40, Batch 1172, Loss: 0.017778
Epoch 18/40 | Loss: 0.017907 | Time: 371.3s
Epoch 19/40, Batch 293, Loss: 0.017841
Epoch 19/40, Batch 586, Loss: 0.017446
Epoch 19/40, Batch 879, Loss: 0.017528
Epoch 19/40, Batch 1172, Loss: 0.017403
Epoch 19/40 | Loss: 0.017441 | Time: 390.3s
Epoch 20/40, Batch 293, Loss: 0.017798
Epoch 20/40, Batch 586, Loss: 0.017551
Epoch 20/40, Batch 879, Loss: 0.017346
Epoch 20/40, Batch 1172, Loss: 0.017296
Epoch 20/40 | Loss: 0.017317 | Time: 408.8s
Epoch 21/40, Batch 293, Loss: 0.017090
Epoch 21/40, Batch 586, Loss: 0.017132
Epoch 21/40, Batch 879, Loss: 0.017089
Epoch 21/40, Batch 1172, Loss: 0.016965
Epoch 21/40 | Loss: 0.017017 | Time: 427.3s
Epoch 22/40, Batch 293, Loss: 0.017128
Epoch 22/40, Batch 586, Loss: 0.017075
Epoch 22/40, Batch 879, Loss: 0.017048
Epoch 22/40, Batch 1172, Loss: 0.016823
Epoch 22/40 | Loss: 0.016859 | Time: 446.7s
Epoch 23/40, Batch 293, Loss: 0.016530
Epoch 23/40, Batch 586, Loss: 0.016154
Epoch 23/40, Batch 879, Loss: 0.016299
Epoch 23/40, Batch 1172, Loss: 0.016275
Epoch 23/40 | Loss: 0.016293 | Time: 464.4s
Epoch 24/40, Batch 293, Loss: 0.016096
Epoch 24/40, Batch 586, Loss: 0.015835
Epoch 24/40, Batch 879, Loss: 0.015761
Epoch 24/40, Batch 1172, Loss: 0.015751
Epoch 24/40 | Loss: 0.015774 | Time: 482.3s
Epoch 25/40, Batch 293, Loss: 0.015433
Epoch 25/40, Batch 586, Loss: 0.015761
Epoch 25/40, Batch 879, Loss: 0.015630
Epoch 25/40, Batch 1172, Loss: 0.015640
Epoch 25/40 | Loss: 0.015793 | Time: 500.1s
Epoch 26/40, Batch 293, Loss: 0.015692
Epoch 26/40, Batch 586, Loss: 0.015375
Epoch 26/40, Batch 879, Loss: 0.015543
Epoch 26/40, Batch 1172, Loss: 0.015497
Epoch 26/40 | Loss: 0.015623 | Time: 519.6s
Epoch 27/40, Batch 293, Loss: 0.015200
Epoch 27/40, Batch 586, Loss: 0.015082
Epoch 27/40, Batch 879, Loss: 0.015080
Epoch 27/40, Batch 1172, Loss: 0.014961
Epoch 27/40 | Loss: 0.015053 | Time: 538.6s
Epoch 28/40, Batch 293, Loss: 0.015423
Epoch 28/40, Batch 586, Loss: 0.015034
Epoch 28/40, Batch 879, Loss: 0.014987
Epoch 28/40, Batch 1172, Loss: 0.014945
Epoch 28/40 | Loss: 0.014996 | Time: 558.8s
Epoch 29/40, Batch 293, Loss: 0.014457
Epoch 29/40, Batch 586, Loss: 0.014364
Epoch 29/40, Batch 879, Loss: 0.014584
Epoch 29/40, Batch 1172, Loss: 0.014507
Epoch 29/40 | Loss: 0.014518 | Time: 577.3s
Epoch 30/40, Batch 293, Loss: 0.014847
Epoch 30/40, Batch 586, Loss: 0.014679
Epoch 30/40, Batch 879, Loss: 0.014523
Epoch 30/40, Batch 1172, Loss: 0.014649
Epoch 30/40 | Loss: 0.014709 | Time: 597.1s
Epoch 31/40, Batch 293, Loss: 0.014291
Epoch 31/40, Batch 586, Loss: 0.014501
Epoch 31/40, Batch 879, Loss: 0.014343
Epoch 31/40, Batch 1172, Loss: 0.014530
Epoch 31/40 | Loss: 0.014577 | Time: 618.1s
Epoch 32/40, Batch 293, Loss: 0.014829
Epoch 32/40, Batch 586, Loss: 0.014572
Epoch 32/40, Batch 879, Loss: 0.014550
Epoch 32/40, Batch 1172, Loss: 0.014501
Epoch 32/40 | Loss: 0.014537 | Time: 637.4s
Epoch 33/40, Batch 293, Loss: 0.013771
Epoch 33/40, Batch 586, Loss: 0.013708
Epoch 33/40, Batch 879, Loss: 0.013798
Epoch 33/40, Batch 1172, Loss: 0.013907
Epoch 33/40 | Loss: 0.014054 | Time: 655.3s
Epoch 34/40, Batch 293, Loss: 0.014016
Epoch 34/40, Batch 586, Loss: 0.013923
Epoch 34/40, Batch 879, Loss: 0.013913
Epoch 34/40, Batch 1172, Loss: 0.013872
Epoch 34/40 | Loss: 0.013919 | Time: 675.7s
Epoch 35/40, Batch 293, Loss: 0.013220
Epoch 35/40, Batch 586, Loss: 0.013430
Epoch 35/40, Batch 879, Loss: 0.013563
Epoch 35/40, Batch 1172, Loss: 0.013567
Epoch 35/40 | Loss: 0.013582 | Time: 697.5s
Epoch 36/40, Batch 293, Loss: 0.013844
Epoch 36/40, Batch 586, Loss: 0.013753
Epoch 36/40, Batch 879, Loss: 0.013486
Epoch 36/40, Batch 1172, Loss: 0.013312
Epoch 36/40 | Loss: 0.013340 | Time: 716.7s
Epoch 37/40, Batch 293, Loss: 0.013670
Epoch 37/40, Batch 586, Loss: 0.013626
Epoch 37/40, Batch 879, Loss: 0.013551
Epoch 37/40, Batch 1172, Loss: 0.013564
Epoch 37/40 | Loss: 0.013566 | Time: 737.5s
Epoch 38/40, Batch 293, Loss: 0.012922
Epoch 38/40, Batch 586, Loss: 0.013146
Epoch 38/40, Batch 879, Loss: 0.013220
Epoch 38/40, Batch 1172, Loss: 0.013216
Epoch 38/40 | Loss: 0.013239 | Time: 759.0s
Epoch 39/40, Batch 293, Loss: 0.012723
Epoch 39/40, Batch 586, Loss: 0.013054
Epoch 39/40, Batch 879, Loss: 0.013315
Epoch 39/40, Batch 1172, Loss: 0.013303
Epoch 39/40 | Loss: 0.013306 | Time: 777.9s
Epoch 40/40, Batch 293, Loss: 0.013575
Epoch 40/40, Batch 586, Loss: 0.013157
Epoch 40/40, Batch 879, Loss: 0.013105
Epoch 40/40, Batch 1172, Loss: 0.013032
Epoch 40/40 | Loss: 0.013061 | Time: 795.6s

Models saved:
  results/design_autoencoder_det/run_20260531-021104/design_encoder.pth
  results/design_autoencoder_det/run_20260531-021104/design_decoder.pth
Deterministic AE run: results/design_autoencoder_det/run_20260531-021104

[CMD] python src/training/train_design_autoencoder.py --img-dir data/Images --spectra-csv data/absorptionData_HybridGAN.csv --output-dir results/design_autoencoder_vae --epochs 40 --batch-size 16 --hidden-dim 64 --latent-size 16 --latent-channels 1 --vae --beta 1.0 --kl-warmup-epochs 5
Device: cuda
Loading data from data/Images and data/absorptionData_HybridGAN.csv
Training as Conv-VAE
Autoencoder parameters: 8,204,611
Use VAE: True, AMP: False, beta: 1.0

Starting training...
Epoch 1/40, Batch 293, Loss: 0.584007
Epoch 1/40, Batch 586, Loss: 0.426098
Epoch 1/40, Batch 879, Loss: 0.369254
Epoch 1/40, Batch 1172, Loss: 0.339568
Epoch 1/40 | Loss: 0.339296 | Time: 23.4s
Epoch 2/40, Batch 293, Loss: 0.256328
Epoch 2/40, Batch 586, Loss: 0.257061
Epoch 2/40, Batch 879, Loss: 0.259268
Epoch 2/40, Batch 1172, Loss: 0.257943
Epoch 2/40 | Loss: 0.258019 | Time: 45.6s
Epoch 3/40, Batch 293, Loss: 0.270585
Epoch 3/40, Batch 586, Loss: 0.266864
Epoch 3/40, Batch 879, Loss: 0.264870
Epoch 3/40, Batch 1172, Loss: 0.263557
Epoch 3/40 | Loss: 0.263913 | Time: 68.0s
Epoch 4/40, Batch 293, Loss: 0.271055
Epoch 4/40, Batch 586, Loss: 0.267432
Epoch 4/40, Batch 879, Loss: 0.268781
Epoch 4/40, Batch 1172, Loss: 0.267456
Epoch 4/40 | Loss: 0.267658 | Time: 91.4s
Epoch 5/40, Batch 293, Loss: 0.275506
Epoch 5/40, Batch 586, Loss: 0.277936
Epoch 5/40, Batch 879, Loss: 0.273929
Epoch 5/40, Batch 1172, Loss: 0.272413
Epoch 5/40 | Loss: 0.272804 | Time: 112.7s
Epoch 6/40, Batch 293, Loss: 0.260906
Epoch 6/40, Batch 586, Loss: 0.264236
Epoch 6/40, Batch 879, Loss: 0.264733
Epoch 6/40, Batch 1172, Loss: 0.267999
Epoch 6/40 | Loss: 0.268270 | Time: 133.6s
Epoch 7/40, Batch 293, Loss: 0.278548
Epoch 7/40, Batch 586, Loss: 0.267733
Epoch 7/40, Batch 879, Loss: 0.270193
Epoch 7/40, Batch 1172, Loss: 0.267057
Epoch 7/40 | Loss: 0.267327 | Time: 156.7s
Epoch 8/40, Batch 293, Loss: 0.256217
Epoch 8/40, Batch 586, Loss: 0.253530
Epoch 8/40, Batch 879, Loss: 0.252417
Epoch 8/40, Batch 1172, Loss: 0.251803
Epoch 8/40 | Loss: 0.251722 | Time: 182.5s
Epoch 9/40, Batch 293, Loss: 0.243814
Epoch 9/40, Batch 586, Loss: 0.241447
Epoch 9/40, Batch 879, Loss: 0.241593
Epoch 9/40, Batch 1172, Loss: 0.241418
Epoch 9/40 | Loss: 0.243199 | Time: 206.2s
Epoch 10/40, Batch 293, Loss: 0.246794
Epoch 10/40, Batch 586, Loss: 0.243705
Epoch 10/40, Batch 879, Loss: 0.242455
Epoch 10/40, Batch 1172, Loss: 0.242301
Epoch 10/40 | Loss: 0.242662 | Time: 228.4s
Epoch 11/40, Batch 293, Loss: 0.246399
Epoch 11/40, Batch 586, Loss: 0.244340
Epoch 11/40, Batch 879, Loss: 0.241255
Epoch 11/40, Batch 1172, Loss: 0.240460
Epoch 11/40 | Loss: 0.241656 | Time: 252.6s
Epoch 12/40, Batch 293, Loss: 0.283863
Epoch 12/40, Batch 586, Loss: 0.262843
Epoch 12/40, Batch 879, Loss: 0.258874
Epoch 12/40, Batch 1172, Loss: 0.253692
Epoch 12/40 | Loss: 0.254266 | Time: 275.6s
Epoch 13/40, Batch 293, Loss: 0.239877
Epoch 13/40, Batch 586, Loss: 0.240191
Epoch 13/40, Batch 879, Loss: 0.238642
Epoch 13/40, Batch 1172, Loss: 0.239104
Epoch 13/40 | Loss: 0.239345 | Time: 298.5s
Epoch 14/40, Batch 293, Loss: 0.237138
Epoch 14/40, Batch 586, Loss: 0.238232
Epoch 14/40, Batch 879, Loss: 0.238125
Epoch 14/40, Batch 1172, Loss: 0.243835
Epoch 14/40 | Loss: 0.243894 | Time: 320.2s
Epoch 15/40, Batch 293, Loss: 0.239649
Epoch 15/40, Batch 586, Loss: 0.239997
Epoch 15/40, Batch 879, Loss: 0.239251
Epoch 15/40, Batch 1172, Loss: 0.238620
Epoch 15/40 | Loss: 0.241878 | Time: 338.7s
Epoch 16/40, Batch 293, Loss: 0.240670
Epoch 16/40, Batch 586, Loss: 0.258588
Epoch 16/40, Batch 879, Loss: 0.252767
Epoch 16/40, Batch 1172, Loss: 0.250529
Epoch 16/40 | Loss: 0.250610 | Time: 359.2s
Epoch 17/40, Batch 293, Loss: 0.236959
Epoch 17/40, Batch 586, Loss: 0.237308
Epoch 17/40, Batch 879, Loss: 0.237979
Epoch 17/40, Batch 1172, Loss: 0.238501
Epoch 17/40 | Loss: 0.238516 | Time: 382.0s
Epoch 18/40, Batch 293, Loss: 0.239801
Epoch 18/40, Batch 586, Loss: 0.240985
Epoch 18/40, Batch 879, Loss: 0.239120
Epoch 18/40, Batch 1172, Loss: 0.239683
Epoch 18/40 | Loss: 0.324686 | Time: 400.2s
Epoch 19/40, Batch 293, Loss: 0.287613
Epoch 19/40, Batch 586, Loss: 0.263550
Epoch 19/40, Batch 879, Loss: 0.254846
Epoch 19/40, Batch 1172, Loss: 0.251729
Epoch 19/40 | Loss: 0.251745 | Time: 424.2s
Epoch 20/40, Batch 293, Loss: 0.239844
Epoch 20/40, Batch 586, Loss: 0.238210
Epoch 20/40, Batch 879, Loss: 0.238112
Epoch 20/40, Batch 1172, Loss: 0.238759
Epoch 20/40 | Loss: 0.238804 | Time: 442.6s
Epoch 21/40, Batch 293, Loss: 0.240342
Epoch 21/40, Batch 586, Loss: 0.238773
Epoch 21/40, Batch 879, Loss: 0.238603
Epoch 21/40, Batch 1172, Loss: 0.246732
Epoch 21/40 | Loss: 0.253019 | Time: 461.4s
Epoch 22/40, Batch 293, Loss: 0.242138
Epoch 22/40, Batch 586, Loss: 0.238084
Epoch 22/40, Batch 879, Loss: 0.238859
Epoch 22/40, Batch 1172, Loss: 0.239168
Epoch 22/40 | Loss: 0.240682 | Time: 482.7s
Epoch 23/40, Batch 293, Loss: 0.238132
Epoch 23/40, Batch 586, Loss: 0.238727
Epoch 23/40, Batch 879, Loss: 0.237770
Epoch 23/40, Batch 1172, Loss: 0.238403
Epoch 23/40 | Loss: 0.239603 | Time: 505.2s
Epoch 24/40, Batch 293, Loss: 0.238878
Epoch 24/40, Batch 586, Loss: 0.237362
Epoch 24/40, Batch 879, Loss: 0.237752
Epoch 24/40, Batch 1172, Loss: 0.238808
Epoch 24/40 | Loss: 0.238925 | Time: 528.2s
Epoch 25/40, Batch 293, Loss: 0.238485
Epoch 25/40, Batch 586, Loss: 0.238727
Epoch 25/40, Batch 879, Loss: 0.238701
Epoch 25/40, Batch 1172, Loss: 0.238488
Epoch 25/40 | Loss: 0.238746 | Time: 550.4s
Epoch 26/40, Batch 293, Loss: 0.239248
Epoch 26/40, Batch 586, Loss: 0.238145
Epoch 26/40, Batch 879, Loss: 0.238366
Epoch 26/40, Batch 1172, Loss: 0.238506
Epoch 26/40 | Loss: 0.238607 | Time: 573.4s
Epoch 27/40, Batch 293, Loss: 0.236042
Epoch 27/40, Batch 586, Loss: 0.237688
Epoch 27/40, Batch 879, Loss: 0.238877
Epoch 27/40, Batch 1172, Loss: 0.238552
Epoch 27/40 | Loss: 0.239517 | Time: 594.1s
Epoch 28/40, Batch 293, Loss: 0.235906
Epoch 28/40, Batch 586, Loss: 0.239102
Epoch 28/40, Batch 879, Loss: 0.238770
Epoch 28/40, Batch 1172, Loss: 0.238380
Epoch 28/40 | Loss: 0.238718 | Time: 617.9s
Epoch 29/40, Batch 293, Loss: 0.236340
Epoch 29/40, Batch 586, Loss: 0.238614
Epoch 29/40, Batch 879, Loss: 0.238225
Epoch 29/40, Batch 1172, Loss: 0.238628
Epoch 29/40 | Loss: 0.238574 | Time: 641.8s
Epoch 30/40, Batch 293, Loss: 0.240463
Epoch 30/40, Batch 586, Loss: 0.239421
Epoch 30/40, Batch 879, Loss: 0.239493
Epoch 30/40, Batch 1172, Loss: 0.239144
Epoch 30/40 | Loss: 0.239343 | Time: 661.8s
Epoch 31/40, Batch 293, Loss: 0.235031
Epoch 31/40, Batch 586, Loss: 0.235903
Epoch 31/40, Batch 879, Loss: 0.237225
Epoch 31/40, Batch 1172, Loss: 0.238389
Epoch 31/40 | Loss: 0.240175 | Time: 681.8s
Epoch 32/40, Batch 293, Loss: 0.238018
Epoch 32/40, Batch 586, Loss: 0.239313
Epoch 32/40, Batch 879, Loss: 0.239458
Epoch 32/40, Batch 1172, Loss: 0.238411
Epoch 32/40 | Loss: 0.238303 | Time: 704.7s
Epoch 33/40, Batch 293, Loss: 0.237005
Epoch 33/40, Batch 586, Loss: 0.238514
Epoch 33/40, Batch 879, Loss: 0.239177
Epoch 33/40, Batch 1172, Loss: 0.238361
Epoch 33/40 | Loss: 0.240628 | Time: 726.1s
Epoch 34/40, Batch 293, Loss: 0.238877
Epoch 34/40, Batch 586, Loss: 0.238655
Epoch 34/40, Batch 879, Loss: 0.239027
Epoch 34/40, Batch 1172, Loss: 0.238552
Epoch 34/40 | Loss: 0.238628 | Time: 751.2s
Epoch 35/40, Batch 293, Loss: 0.238207
Epoch 35/40, Batch 586, Loss: 0.237520
Epoch 35/40, Batch 879, Loss: 0.239121
Epoch 35/40, Batch 1172, Loss: 0.238263
Epoch 35/40 | Loss: 0.238780 | Time: 774.0s
Epoch 36/40, Batch 293, Loss: 0.239212
Epoch 36/40, Batch 586, Loss: 0.236891
Epoch 36/40, Batch 879, Loss: 0.237894
Epoch 36/40, Batch 1172, Loss: 0.238302
Epoch 36/40 | Loss: 0.243109 | Time: 794.1s
Epoch 37/40, Batch 293, Loss: 0.239171
Epoch 37/40, Batch 586, Loss: 0.238669
Epoch 37/40, Batch 879, Loss: 0.238382
Epoch 37/40, Batch 1172, Loss: 0.238295
Epoch 37/40 | Loss: 0.238281 | Time: 814.9s
Epoch 38/40, Batch 293, Loss: 0.237839
Epoch 38/40, Batch 586, Loss: 0.238410
Epoch 38/40, Batch 879, Loss: 0.238646
Epoch 38/40, Batch 1172, Loss: 0.238300
Epoch 38/40 | Loss: 0.238614 | Time: 835.2s
Epoch 39/40, Batch 293, Loss: 0.234561
Epoch 39/40, Batch 586, Loss: 0.236918
Epoch 39/40, Batch 879, Loss: 0.238519
Epoch 39/40, Batch 1172, Loss: 0.238316
Epoch 39/40 | Loss: 0.238885 | Time: 853.7s
Epoch 40/40, Batch 293, Loss: 0.237015
Epoch 40/40, Batch 586, Loss: 0.237246
Epoch 40/40, Batch 879, Loss: 0.238385
Epoch 40/40, Batch 1172, Loss: 0.238338
Epoch 40/40 | Loss: 0.238532 | Time: 873.2s

Models saved:
  results/design_autoencoder_vae/run_20260531-022427/design_encoder.pth
  results/design_autoencoder_vae/run_20260531-022427/design_decoder.pth
Conv-VAE run: results/design_autoencoder_vae/run_20260531-022427

[CMD] python src/training/train_diffusion.py --img-dir data/Images --spectra-csv data/absorptionData_HybridGAN.csv --output-dir results/latent_diffusion_det --epochs 20 --batch-size 16 --hidden-dim 64 --latent-size 16 --latent-channels 1 --n-spectrum-points 800 --autoencoder-checkpoint-dir results/design_autoencoder_det/run_20260531-021104
Device: cuda
Loading data from data/Images and data/absorptionData_HybridGAN.csv
Loaded 18770 images
Creating spectrum encoder...
Creating design encoder...
Creating design decoder...
Creating diffusion denoiser...
Total parameters: 17,377,412

Starting training...
Epoch 1/20, Batch 293, Loss: 1.011299
Epoch 1/20, Batch 586, Loss: 1.006699
Epoch 1/20, Batch 879, Loss: 1.005099
Epoch 1/20, Batch 1172, Loss: 1.004590
Epoch 1/20 | Loss: 1.004542 | Time: 72.1s
Epoch 2/20, Batch 293, Loss: 1.001468
Epoch 2/20, Batch 586, Loss: 1.000608
Epoch 2/20, Batch 879, Loss: 1.000859
Epoch 2/20, Batch 1172, Loss: 1.001064
Epoch 2/20 | Loss: 1.001064 | Time: 144.7s
Epoch 3/20, Batch 293, Loss: 1.000091
Epoch 3/20, Batch 586, Loss: 0.999897
Epoch 3/20, Batch 879, Loss: 1.000826
Epoch 3/20, Batch 1172, Loss: 1.000483
Epoch 3/20 | Loss: 1.000521 | Time: 215.3s
Epoch 4/20, Batch 293, Loss: 0.999275
Epoch 4/20, Batch 586, Loss: 1.000132
Epoch 4/20, Batch 879, Loss: 1.000577
Epoch 4/20, Batch 1172, Loss: 1.001403
Epoch 4/20 | Loss: 1.001351 | Time: 286.0s
Epoch 5/20, Batch 293, Loss: 0.999295
Epoch 5/20, Batch 586, Loss: 1.000881
Epoch 5/20, Batch 879, Loss: 1.000136
Epoch 5/20, Batch 1172, Loss: 1.000353
Epoch 5/20 | Loss: 1.000378 | Time: 356.7s
Epoch 6/20, Batch 293, Loss: 1.001166
Epoch 6/20, Batch 586, Loss: 1.000961
Epoch 6/20, Batch 879, Loss: 1.001141
Epoch 6/20, Batch 1172, Loss: 1.001515
Epoch 6/20 | Loss: 1.001357 | Time: 426.8s
Epoch 7/20, Batch 293, Loss: 0.999926
Epoch 7/20, Batch 586, Loss: 1.000174
Epoch 7/20, Batch 879, Loss: 0.999545
Epoch 7/20, Batch 1172, Loss: 0.999268
Epoch 7/20 | Loss: 0.999209 | Time: 494.8s
Epoch 8/20, Batch 293, Loss: 1.000142
Epoch 8/20, Batch 586, Loss: 0.999700
Epoch 8/20, Batch 879, Loss: 1.000159
Epoch 8/20, Batch 1172, Loss: 1.000711
Epoch 8/20 | Loss: 1.000682 | Time: 565.2s
Epoch 9/20, Batch 293, Loss: 1.003235
Epoch 9/20, Batch 586, Loss: 1.002792
Epoch 9/20, Batch 879, Loss: 1.002060
Epoch 9/20, Batch 1172, Loss: 1.001178
Epoch 9/20 | Loss: 1.001092 | Time: 635.6s
Epoch 10/20, Batch 293, Loss: 1.001730
Epoch 10/20, Batch 586, Loss: 1.002523
Epoch 10/20, Batch 879, Loss: 1.001456
Epoch 10/20, Batch 1172, Loss: 1.000840
Epoch 10/20 | Loss: 1.000875 | Time: 706.1s
Epoch 11/20, Batch 293, Loss: 0.999279
Epoch 11/20, Batch 586, Loss: 1.000407
Epoch 11/20, Batch 879, Loss: 1.000165
Epoch 11/20, Batch 1172, Loss: 0.999966
Epoch 11/20 | Loss: 0.999969 | Time: 777.7s
Epoch 12/20, Batch 293, Loss: 0.998543
Epoch 12/20, Batch 586, Loss: 0.999980
Epoch 12/20, Batch 879, Loss: 0.999902
Epoch 12/20, Batch 1172, Loss: 1.000052
Epoch 12/20 | Loss: 1.000102 | Time: 849.1s
Epoch 13/20, Batch 293, Loss: 1.000898
Epoch 13/20, Batch 586, Loss: 1.001085
Epoch 13/20, Batch 879, Loss: 1.001210
Epoch 13/20, Batch 1172, Loss: 1.001334
Epoch 13/20 | Loss: 1.001300 | Time: 920.2s
Epoch 14/20, Batch 293, Loss: 1.000663
Epoch 14/20, Batch 586, Loss: 1.000753
Epoch 14/20, Batch 879, Loss: 1.000529
Epoch 14/20, Batch 1172, Loss: 1.000132
Epoch 14/20 | Loss: 1.000166 | Time: 991.9s
Epoch 15/20, Batch 293, Loss: 1.001620
Epoch 15/20, Batch 586, Loss: 1.002621
Epoch 15/20, Batch 879, Loss: 1.001709
Epoch 15/20, Batch 1172, Loss: 1.001187
Epoch 15/20 | Loss: 1.001166 | Time: 1067.0s
Epoch 16/20, Batch 293, Loss: 0.999542
Epoch 16/20, Batch 586, Loss: 0.998956
Epoch 16/20, Batch 879, Loss: 1.000006
Epoch 16/20, Batch 1172, Loss: 1.000138
Epoch 16/20 | Loss: 1.000191 | Time: 1141.7s
Epoch 17/20, Batch 293, Loss: 1.002494
Epoch 17/20, Batch 586, Loss: 1.000605
Epoch 17/20, Batch 879, Loss: 1.000046
Epoch 17/20, Batch 1172, Loss: 0.999904
Epoch 17/20 | Loss: 0.999914 | Time: 1216.7s
Epoch 18/20, Batch 293, Loss: 1.000763
Epoch 18/20, Batch 586, Loss: 0.999648
Epoch 18/20, Batch 879, Loss: 0.999286
Epoch 18/20, Batch 1172, Loss: 0.999732
Epoch 18/20 | Loss: 0.999770 | Time: 1291.6s
Epoch 19/20, Batch 293, Loss: 1.001038
Epoch 19/20, Batch 586, Loss: 1.001242
Epoch 19/20, Batch 879, Loss: 0.999967
Epoch 19/20, Batch 1172, Loss: 1.000101
Epoch 19/20 | Loss: 1.000110 | Time: 1366.7s
Epoch 20/20, Batch 293, Loss: 1.002800
Epoch 20/20, Batch 586, Loss: 1.001171
Epoch 20/20, Batch 879, Loss: 1.000910
Epoch 20/20, Batch 1172, Loss: 1.000269
Epoch 20/20 | Loss: 1.000300 | Time: 1441.7s
  results/latent_diffusion_det/run_20260531-023907/denoiser_ema.pth

Models saved:
  results/latent_diffusion_det/run_20260531-023907/spectrum_encoder.pth
  results/latent_diffusion_det/run_20260531-023907/design_encoder.pth
  results/latent_diffusion_det/run_20260531-023907/design_decoder.pth
  results/latent_diffusion_det/run_20260531-023907/denoiser.pth
Diffusion (det) run: results/latent_diffusion_det/run_20260531-023907

[CMD] python src/training/train_diffusion.py --img-dir data/Images --spectra-csv data/absorptionData_HybridGAN.csv --output-dir results/latent_diffusion_vae --epochs 20 --batch-size 16 --hidden-dim 64 --latent-size 16 --latent-channels 1 --n-spectrum-points 800 --autoencoder-checkpoint-dir results/design_autoencoder_vae/run_20260531-022427
Device: cuda
Loading data from data/Images and data/absorptionData_HybridGAN.csv
Loaded 18770 images
Creating spectrum encoder...
Creating design encoder...
Creating design decoder...
Creating diffusion denoiser...
Total parameters: 17,377,412

Starting training...
Epoch 1/20, Batch 293, Loss: 0.452379
Epoch 1/20, Batch 586, Loss: 0.243003
Epoch 1/20, Batch 879, Loss: 0.167428
Epoch 1/20, Batch 1172, Loss: 0.128669
Epoch 1/20 | Loss: 0.128467 | Time: 70.9s
Epoch 2/20, Batch 293, Loss: 0.009983
Epoch 2/20, Batch 586, Loss: 0.009037
Epoch 2/20, Batch 879, Loss: 0.008640
Epoch 2/20, Batch 1172, Loss: 0.008262
Epoch 2/20 | Loss: 0.008261 | Time: 139.7s
Epoch 3/20, Batch 293, Loss: 0.006602
Epoch 3/20, Batch 586, Loss: 0.006513
Epoch 3/20, Batch 879, Loss: 0.006408
Epoch 3/20, Batch 1172, Loss: 0.006292
Epoch 3/20 | Loss: 0.006289 | Time: 209.4s
Epoch 4/20, Batch 293, Loss: 0.005352
Epoch 4/20, Batch 586, Loss: 0.005184
Epoch 4/20, Batch 879, Loss: 0.005160
Epoch 4/20, Batch 1172, Loss: 0.004977
Epoch 4/20 | Loss: 0.004975 | Time: 279.0s
Epoch 5/20, Batch 293, Loss: 0.003673
Epoch 5/20, Batch 586, Loss: 0.003963
Epoch 5/20, Batch 879, Loss: 0.003554
Epoch 5/20, Batch 1172, Loss: 0.003612
Epoch 5/20 | Loss: 0.003609 | Time: 349.2s
Epoch 6/20, Batch 293, Loss: 0.002933
Epoch 6/20, Batch 586, Loss: 0.002336
Epoch 6/20, Batch 879, Loss: 0.002128
Epoch 6/20, Batch 1172, Loss: 0.002137
Epoch 6/20 | Loss: 0.002136 | Time: 420.1s
Epoch 7/20, Batch 293, Loss: 0.002100
Epoch 7/20, Batch 586, Loss: 0.001896
Epoch 7/20, Batch 879, Loss: 0.001763
Epoch 7/20, Batch 1172, Loss: 0.001827
Epoch 7/20 | Loss: 0.001835 | Time: 490.7s
Epoch 8/20, Batch 293, Loss: 0.001733
Epoch 8/20, Batch 586, Loss: 0.001484
Epoch 8/20, Batch 879, Loss: 0.001680
Epoch 8/20, Batch 1172, Loss: 0.001782
Epoch 8/20 | Loss: 0.001780 | Time: 561.1s
Epoch 9/20, Batch 293, Loss: 0.001026
Epoch 9/20, Batch 586, Loss: 0.001065
Epoch 9/20, Batch 879, Loss: 0.001411
Epoch 9/20, Batch 1172, Loss: 0.001351
Epoch 9/20 | Loss: 0.001351 | Time: 631.9s
Epoch 10/20, Batch 293, Loss: 0.001635
Epoch 10/20, Batch 586, Loss: 0.001531
Epoch 10/20, Batch 879, Loss: 0.001355
Epoch 10/20, Batch 1172, Loss: 0.001253
Epoch 10/20 | Loss: 0.001254 | Time: 701.1s
Epoch 11/20, Batch 293, Loss: 0.000801
Epoch 11/20, Batch 586, Loss: 0.000829
Epoch 11/20, Batch 879, Loss: 0.000976
Epoch 11/20, Batch 1172, Loss: 0.000890
Epoch 11/20 | Loss: 0.000890 | Time: 771.1s
Epoch 12/20, Batch 293, Loss: 0.001682
Epoch 12/20, Batch 586, Loss: 0.001374
Epoch 12/20, Batch 879, Loss: 0.001163
Epoch 12/20, Batch 1172, Loss: 0.000957
Epoch 12/20 | Loss: 0.000956 | Time: 841.3s
Epoch 13/20, Batch 293, Loss: 0.000346
Epoch 13/20, Batch 586, Loss: 0.000643
Epoch 13/20, Batch 879, Loss: 0.000780
Epoch 13/20, Batch 1172, Loss: 0.000662
Epoch 13/20 | Loss: 0.000661 | Time: 911.4s
Epoch 14/20, Batch 293, Loss: 0.000997
Epoch 14/20, Batch 586, Loss: 0.000686
Epoch 14/20, Batch 879, Loss: 0.000552
Epoch 14/20, Batch 1172, Loss: 0.000993
Epoch 14/20 | Loss: 0.000993 | Time: 981.6s
Epoch 15/20, Batch 293, Loss: 0.000299
Epoch 15/20, Batch 586, Loss: 0.000289
Epoch 15/20, Batch 879, Loss: 0.000764
Epoch 15/20, Batch 1172, Loss: 0.000688
Epoch 15/20 | Loss: 0.000687 | Time: 1051.9s
Epoch 16/20, Batch 293, Loss: 0.000249
Epoch 16/20, Batch 586, Loss: 0.000282
Epoch 16/20, Batch 879, Loss: 0.000300
Epoch 16/20, Batch 1172, Loss: 0.000292
Epoch 16/20 | Loss: 0.000292 | Time: 1121.4s
Epoch 17/20, Batch 293, Loss: 0.000866
Epoch 17/20, Batch 586, Loss: 0.000551
Epoch 17/20, Batch 879, Loss: 0.000470
Epoch 17/20, Batch 1172, Loss: 0.000441
Epoch 17/20 | Loss: 0.000440 | Time: 1192.3s
Epoch 18/20, Batch 293, Loss: 0.001013
Epoch 18/20, Batch 586, Loss: 0.000745
Epoch 18/20, Batch 879, Loss: 0.000675
Epoch 18/20, Batch 1172, Loss: 0.000564
Epoch 18/20 | Loss: 0.000564 | Time: 1262.2s
Epoch 19/20, Batch 293, Loss: 0.000261
Epoch 19/20, Batch 586, Loss: 0.000265
Epoch 19/20, Batch 879, Loss: 0.000271
Epoch 19/20, Batch 1172, Loss: 0.000271
Epoch 19/20 | Loss: 0.000271 | Time: 1332.5s
Epoch 20/20, Batch 293, Loss: 0.000289
Epoch 20/20, Batch 586, Loss: 0.000283
Epoch 20/20, Batch 879, Loss: 0.000268
Epoch 20/20, Batch 1172, Loss: 0.000278
Epoch 20/20 | Loss: 0.000278 | Time: 1402.9s
  results/latent_diffusion_vae/run_20260531-030317/denoiser_ema.pth

Models saved:
  results/latent_diffusion_vae/run_20260531-030317/spectrum_encoder.pth
  results/latent_diffusion_vae/run_20260531-030317/design_encoder.pth
  results/latent_diffusion_vae/run_20260531-030317/design_decoder.pth
  results/latent_diffusion_vae/run_20260531-030317/denoiser.pth
Diffusion (VAE) run: results/latent_diffusion_vae/run_20260531-030317

[CMD] python src/evaluation/run_experiments.py --device cuda --img-dir data/Images --spectra-csv data/absorptionData_HybridGAN.csv --run-dir results/forward_predictor/run_20260531-020352 --output-json results/forward_predictor/run_20260531-020352/eval_forward.json forward
Using run dir: /dgxb_home/se25pcse007/project-19-SE25PCSE007/results/forward_predictor/run_20260531-020352 to fill missing checkpoint args
{
  "mse": 0.0011251269669530915,
  "mae": 0.015294827168626518,
  "peak_error": 0.15641467647192273,
  "resonance_shift": 20.51022146507666,
  "cosine_similarity": 0.9366066377146687,
  "std_mse": 0.0009091279564513643
}

[CMD] python src/evaluation/run_experiments.py --device cuda --target-spectra-csv data/absorptionData_HybridGAN.csv --run-dir results/latent_diffusion_det/run_20260531-023907 --forward-predictor-ckpt results/forward_predictor/run_20260531-020352/forward_predictor.pth --output-json results/latent_diffusion_det/run_20260531-023907/eval_one_to_many_ema_guided.json one-to-many --use-ema --n-targets 20 --n-samples 8 --n-steps 1000 --guidance-scale 1.0
Using run dir: /dgxb_home/se25pcse007/project-19-SE25PCSE007/results/latent_diffusion_det/run_20260531-023907 to fill missing checkpoint args
Loaded EMA weights from /dgxb_home/se25pcse007/project-19-SE25PCSE007/results/latent_diffusion_det/run_20260531-023907/denoiser_ema.pth into denoiser
{
  "avg_diversity": 88.34990043640137,
  "avg_accuracy": 0.32362411320209505,
  "diversity_per_target": [
    87.34506225585938,
    89.16165161132812,
    86.96159362792969,
    89.85515594482422,
    88.22466278076172,
    90.73275756835938,
    87.98194122314453,
    88.46045684814453,
    88.07312774658203,
    87.80127716064453,
    88.2773666381836,
    86.19749450683594,
    87.19502258300781,
    88.86099243164062,
    86.99976348876953,
    88.20645141601562,
    88.95304107666016,
    90.60166931152344,
    89.14706420898438,
    87.96145629882812
  ],
  "accuracy_per_target": [
    0.39764025807380676,
    0.3504088521003723,
    0.253123939037323,
    0.2848657965660095,
    0.24275964498519897,
    0.32140618562698364,
    0.32983413338661194,
    0.2904473841190338,
    0.30593815445899963,
    0.44788527488708496,
    0.36767449975013733,
    0.2578279674053192,
    0.266357958316803,
    0.22289714217185974,
    0.3445127010345459,
    0.3721139132976532,
    0.30035263299942017,
    0.31342774629592896,
    0.4308033585548401,
    0.3722047209739685
  ]
}

[CMD] python src/evaluation/run_experiments.py --device cuda --target-spectra-csv data/absorptionData_HybridGAN.csv --run-dir results/latent_diffusion_det/run_20260531-023907 --forward-predictor-ckpt results/forward_predictor/run_20260531-020352/forward_predictor.pth --output-json results/latent_diffusion_det/run_20260531-023907/eval_one_to_many_ema_noguide.json one-to-many --use-ema --n-targets 20 --n-samples 8 --n-steps 1000 --guidance-scale 0.0
Using run dir: /dgxb_home/se25pcse007/project-19-SE25PCSE007/results/latent_diffusion_det/run_20260531-023907 to fill missing checkpoint args
Loaded EMA weights from /dgxb_home/se25pcse007/project-19-SE25PCSE007/results/latent_diffusion_det/run_20260531-023907/denoiser_ema.pth into denoiser
{
  "avg_diversity": 88.77205543518066,
  "avg_accuracy": 0.33475292921066285,
  "diversity_per_target": [
    87.84773254394531,
    88.97686004638672,
    89.08488464355469,
    87.84363555908203,
    88.66746520996094,
    88.90684509277344,
    89.70048522949219,
    86.93673706054688,
    89.81690216064453,
    88.53013610839844,
    90.7669906616211,
    88.78379821777344,
    86.52918243408203,
    88.08403778076172,
    89.21294403076172,
    89.52507019042969,
    90.21320343017578,
    89.9112319946289,
    88.41368103027344,
    87.68928527832031
  ],
  "accuracy_per_target": [
    0.4135986268520355,
    0.3436952829360962,
    0.25205445289611816,
    0.28597161173820496,
    0.2566261887550354,
    0.3291283845901489,
    0.3320387005805969,
    0.3128971457481384,
    0.34839606285095215,
    0.4383373260498047,
    0.3757413625717163,
    0.2733312249183655,
    0.2964573800563812,
    0.26252591609954834,
    0.3631123900413513,
    0.3368381857872009,
    0.30801910161972046,
    0.345176637172699,
    0.42890262603759766,
    0.3922099769115448
  ]
}

[CMD] python src/evaluation/run_experiments.py --device cuda --target-spectra-csv data/absorptionData_HybridGAN.csv --run-dir results/latent_diffusion_vae/run_20260531-030317 --forward-predictor-ckpt results/forward_predictor/run_20260531-020352/forward_predictor.pth --output-json results/latent_diffusion_vae/run_20260531-030317/eval_one_to_many_ema_guided.json one-to-many --use-ema --n-targets 20 --n-samples 8 --n-steps 1000 --guidance-scale 1.0
Using run dir: /dgxb_home/se25pcse007/project-19-SE25PCSE007/results/latent_diffusion_vae/run_20260531-030317 to fill missing checkpoint args
Loaded EMA weights from /dgxb_home/se25pcse007/project-19-SE25PCSE007/results/latent_diffusion_vae/run_20260531-030317/denoiser_ema.pth into denoiser
{
  "avg_diversity": 0.0018158663355279715,
  "avg_accuracy": 0.360933718085289,
  "diversity_per_target": [
    0.0017767047975212336,
    0.0018886527977883816,
    0.0017853578319773078,
    0.00182719761505723,
    0.00181404163595289,
    0.0017902388935908675,
    0.0018660640344023705,
    0.0018106617499142885,
    0.0018127672374248505,
    0.001781034516170621,
    0.0018443211447447538,
    0.001790939480997622,
    0.0018057150300592184,
    0.0018161251209676266,
    0.0018269338179379702,
    0.0018477251287549734,
    0.0018030493520200253,
    0.0017850808799266815,
    0.001790221082046628,
    0.0018544945633038878
  ],
  "accuracy_per_target": [
    0.4763724207878113,
    0.37741947174072266,
    0.29984617233276367,
    0.3084414601325989,
    0.27865439653396606,
    0.36806434392929077,
    0.3392626643180847,
    0.3168332576751709,
    0.3686298429965973,
    0.4893593192100525,
    0.3902498483657837,
    0.3066418468952179,
    0.31639400124549866,
    0.28364723920822144,
    0.3754112124443054,
    0.34925931692123413,
    0.32245132327079773,
    0.3775477409362793,
    0.47659367322921753,
    0.3975948095321655
  ]
}

[CMD] python src/evaluation/demo_inference.py --run-dir results/latent_diffusion_det/run_20260531-023907 --spectra-csv data/absorptionData_HybridGAN.csv --n-targets 5 --n-samples 6 --n-steps 1000 --device cuda --use-ema
Demo outputs saved to results/demo_20260531-033549

[CMD] python src/baseline/train_cdcgan.py --img-dir data/Images --spectra-csv data/absorptionData_HybridGAN.csv --output-dir results/cdcgan --epochs 100 --batch-size 16 --n-spectrum-points 800
Random Seed: 999
Device: cuda
Loading data from data/Images and data/absorptionData_HybridGAN.csv
Loaded 18770 images
Generator parameters: 69,027,072
Discriminator parameters: 16,057,600

Starting training...
[1/100][293/1174] Loss_D: 1.1650 Loss_G: 3.9292 D(x): 0.4427 D(G(z)): 0.0296/0.0502
[1/100][586/1174] Loss_D: 0.5519 Loss_G: 1.3924 D(x): 0.8188 D(G(z)): 0.1943/0.2707
[1/100][879/1174] Loss_D: 0.6247 Loss_G: 1.5314 D(x): 0.6623 D(G(z)): 0.0228/0.2313
[1/100][1172/1174] Loss_D: 0.3499 Loss_G: 5.4606 D(x): 0.7419 D(G(z)): 0.0088/0.0104
Epoch 1/100 | G Loss: 4.5227 | D Loss: 0.8586 | Time: 59.6s
[2/100][293/1174] Loss_D: 0.9549 Loss_G: 2.8221 D(x): 0.4929 D(G(z)): 0.0083/0.1375
[2/100][586/1174] Loss_D: 0.4502 Loss_G: 3.3088 D(x): 0.9534 D(G(z)): 0.0867/0.0387
[2/100][879/1174] Loss_D: 0.3944 Loss_G: 4.7816 D(x): 0.9256 D(G(z)): 0.0696/0.0071
[2/100][1172/1174] Loss_D: 0.9587 Loss_G: 5.3446 D(x): 0.9824 D(G(z)): 0.4848/0.0064
Epoch 2/100 | G Loss: 4.0750 | D Loss: 0.6397 | Time: 111.5s
[3/100][293/1174] Loss_D: 0.4255 Loss_G: 3.2469 D(x): 0.9293 D(G(z)): 0.0769/0.0328
[3/100][586/1174] Loss_D: 0.6342 Loss_G: 5.4633 D(x): 0.9967 D(G(z)): 0.2647/0.0052
[3/100][879/1174] Loss_D: 0.3152 Loss_G: 2.4479 D(x): 0.7759 D(G(z)): 0.0172/0.1306
[3/100][1172/1174] Loss_D: 0.6369 Loss_G: 3.3801 D(x): 0.8814 D(G(z)): 0.1347/0.0491
Epoch 3/100 | G Loss: 3.9889 | D Loss: 0.5874 | Time: 162.0s
[4/100][293/1174] Loss_D: 0.2141 Loss_G: 4.0566 D(x): 0.9508 D(G(z)): 0.0983/0.0248
[4/100][586/1174] Loss_D: 0.2235 Loss_G: 5.8399 D(x): 0.9360 D(G(z)): 0.0448/0.0062
[4/100][879/1174] Loss_D: 0.4589 Loss_G: 3.3799 D(x): 0.6985 D(G(z)): 0.0103/0.0541
[4/100][1172/1174] Loss_D: 0.8246 Loss_G: 7.4570 D(x): 0.9588 D(G(z)): 0.3901/0.0005
Epoch 4/100 | G Loss: 3.9706 | D Loss: 0.5809 | Time: 214.2s
[5/100][293/1174] Loss_D: 0.6095 Loss_G: 6.6519 D(x): 0.7184 D(G(z)): 0.0015/0.0064
[5/100][586/1174] Loss_D: 0.2800 Loss_G: 3.3640 D(x): 0.9482 D(G(z)): 0.1508/0.0562
[5/100][879/1174] Loss_D: 0.2877 Loss_G: 4.5505 D(x): 0.9821 D(G(z)): 0.0995/0.0145
[5/100][1172/1174] Loss_D: 0.3040 Loss_G: 4.0933 D(x): 0.9707 D(G(z)): 0.0674/0.0402
Epoch 5/100 | G Loss: 4.2417 | D Loss: 0.5413 | Time: 265.5s
[6/100][293/1174] Loss_D: 0.4080 Loss_G: 3.8122 D(x): 0.8146 D(G(z)): 0.0298/0.0251
[6/100][586/1174] Loss_D: 0.4722 Loss_G: 4.1007 D(x): 0.9244 D(G(z)): 0.1023/0.0187
[6/100][879/1174] Loss_D: 0.3255 Loss_G: 4.6607 D(x): 0.9854 D(G(z)): 0.0789/0.0101
[6/100][1172/1174] Loss_D: 0.4124 Loss_G: 6.0417 D(x): 0.9736 D(G(z)): 0.0082/0.0020
Epoch 6/100 | G Loss: 4.2521 | D Loss: 0.5251 | Time: 316.1s
[7/100][293/1174] Loss_D: 0.2510 Loss_G: 5.5164 D(x): 0.8403 D(G(z)): 0.0073/0.0067
[7/100][586/1174] Loss_D: 0.4575 Loss_G: 3.6873 D(x): 0.8046 D(G(z)): 0.0653/0.0262
[7/100][879/1174] Loss_D: 0.4485 Loss_G: 3.1065 D(x): 0.8769 D(G(z)): 0.0869/0.0481
[7/100][1172/1174] Loss_D: 0.1300 Loss_G: 5.3679 D(x): 0.9632 D(G(z)): 0.0079/0.0052
Epoch 7/100 | G Loss: 4.0707 | D Loss: 0.5372 | Time: 369.6s
[8/100][293/1174] Loss_D: 0.0655 Loss_G: 5.8866 D(x): 0.9645 D(G(z)): 0.0148/0.0052
[8/100][586/1174] Loss_D: 0.2251 Loss_G: 5.9339 D(x): 0.9671 D(G(z)): 0.0120/0.0033
[8/100][879/1174] Loss_D: 0.6537 Loss_G: 4.1691 D(x): 0.9774 D(G(z)): 0.2102/0.0148
[8/100][1172/1174] Loss_D: 0.1007 Loss_G: 4.4895 D(x): 0.9520 D(G(z)): 0.0160/0.0276
Epoch 8/100 | G Loss: 4.2984 | D Loss: 0.4734 | Time: 421.8s
[9/100][293/1174] Loss_D: 0.5985 Loss_G: 2.8951 D(x): 0.9566 D(G(z)): 0.2632/0.0922
[9/100][586/1174] Loss_D: 0.5822 Loss_G: 4.7316 D(x): 0.9745 D(G(z)): 0.2550/0.0100
[9/100][879/1174] Loss_D: 0.2307 Loss_G: 3.0077 D(x): 0.9137 D(G(z)): 0.0227/0.0702
[9/100][1172/1174] Loss_D: 0.4278 Loss_G: 3.5822 D(x): 0.8224 D(G(z)): 0.0940/0.0347
Epoch 9/100 | G Loss: 4.2751 | D Loss: 0.4944 | Time: 474.4s
[10/100][293/1174] Loss_D: 0.3751 Loss_G: 3.7155 D(x): 0.9242 D(G(z)): 0.0086/0.0259
[10/100][586/1174] Loss_D: 0.3463 Loss_G: 3.9746 D(x): 0.8863 D(G(z)): 0.0504/0.0259
[10/100][879/1174] Loss_D: 0.2952 Loss_G: 5.9546 D(x): 0.9866 D(G(z)): 0.0501/0.0042
[10/100][1172/1174] Loss_D: 0.4139 Loss_G: 5.0449 D(x): 0.8357 D(G(z)): 0.0096/0.0083
Epoch 10/100 | G Loss: 4.4197 | D Loss: 0.4440 | Time: 527.1s
[11/100][293/1174] Loss_D: 0.3137 Loss_G: 3.7070 D(x): 0.9806 D(G(z)): 0.0352/0.0236
[11/100][586/1174] Loss_D: 0.2454 Loss_G: 6.2343 D(x): 0.8874 D(G(z)): 0.0105/0.0046
[11/100][879/1174] Loss_D: 0.4519 Loss_G: 5.9410 D(x): 0.7791 D(G(z)): 0.0045/0.0023
[11/100][1172/1174] Loss_D: 0.3355 Loss_G: 5.6306 D(x): 0.8995 D(G(z)): 0.0036/0.0029
Epoch 11/100 | G Loss: 4.4571 | D Loss: 0.4511 | Time: 579.2s
[12/100][293/1174] Loss_D: 0.4268 Loss_G: 3.8045 D(x): 0.9677 D(G(z)): 0.0919/0.0318
[12/100][586/1174] Loss_D: 0.2031 Loss_G: 5.9050 D(x): 0.9568 D(G(z)): 0.0037/0.0032
[12/100][879/1174] Loss_D: 0.1470 Loss_G: 4.2325 D(x): 0.9562 D(G(z)): 0.0279/0.0212
[12/100][1172/1174] Loss_D: 0.4473 Loss_G: 6.9377 D(x): 0.9858 D(G(z)): 0.2408/0.0012
Epoch 12/100 | G Loss: 4.5771 | D Loss: 0.4189 | Time: 629.8s
[13/100][293/1174] Loss_D: 0.1769 Loss_G: 6.0591 D(x): 0.8931 D(G(z)): 0.0015/0.0026
[13/100][586/1174] Loss_D: 0.4592 Loss_G: 5.5231 D(x): 0.9714 D(G(z)): 0.0062/0.0039
[13/100][879/1174] Loss_D: 0.1202 Loss_G: 4.8871 D(x): 0.9982 D(G(z)): 0.0654/0.0136
[13/100][1172/1174] Loss_D: 0.2823 Loss_G: 5.6816 D(x): 0.8689 D(G(z)): 0.0071/0.0044
Epoch 13/100 | G Loss: 4.6725 | D Loss: 0.4157 | Time: 684.6s
[14/100][293/1174] Loss_D: 0.3577 Loss_G: 5.2959 D(x): 0.8850 D(G(z)): 0.0074/0.0045
[14/100][586/1174] Loss_D: 0.1406 Loss_G: 4.3151 D(x): 0.9620 D(G(z)): 0.0223/0.0216
[14/100][879/1174] Loss_D: 1.0860 Loss_G: 7.5837 D(x): 0.9889 D(G(z)): 0.4834/0.0005
[14/100][1172/1174] Loss_D: 0.3086 Loss_G: 4.1058 D(x): 0.9106 D(G(z)): 0.0651/0.0181
Epoch 14/100 | G Loss: 4.8227 | D Loss: 0.3846 | Time: 739.6s
[15/100][293/1174] Loss_D: 0.3316 Loss_G: 4.8960 D(x): 0.9764 D(G(z)): 0.0217/0.0105
[15/100][586/1174] Loss_D: 0.2831 Loss_G: 6.1912 D(x): 0.8411 D(G(z)): 0.0013/0.0027
[15/100][879/1174] Loss_D: 0.2259 Loss_G: 4.0442 D(x): 0.9914 D(G(z)): 0.0439/0.0208
[15/100][1172/1174] Loss_D: 0.7041 Loss_G: 7.3552 D(x): 0.7732 D(G(z)): 0.0006/0.0006
Epoch 15/100 | G Loss: 4.6053 | D Loss: 0.4051 | Time: 791.7s
[16/100][293/1174] Loss_D: 0.1457 Loss_G: 5.2381 D(x): 0.9793 D(G(z)): 0.0088/0.0056
[16/100][586/1174] Loss_D: 0.0789 Loss_G: 5.0742 D(x): 0.9913 D(G(z)): 0.0198/0.0097
[16/100][879/1174] Loss_D: 0.1585 Loss_G: 2.6547 D(x): 0.9218 D(G(z)): 0.0448/0.0909
[16/100][1172/1174] Loss_D: 0.6899 Loss_G: 3.1126 D(x): 0.6123 D(G(z)): 0.0599/0.0793
Epoch 16/100 | G Loss: 4.8428 | D Loss: 0.3719 | Time: 845.2s
[17/100][293/1174] Loss_D: 0.4206 Loss_G: 5.1742 D(x): 0.9828 D(G(z)): 0.0149/0.0051
[17/100][586/1174] Loss_D: 0.3613 Loss_G: 4.4575 D(x): 0.8532 D(G(z)): 0.0061/0.0118
[17/100][879/1174] Loss_D: 0.2806 Loss_G: 5.6678 D(x): 0.8716 D(G(z)): 0.0237/0.0053
[17/100][1172/1174] Loss_D: 0.3573 Loss_G: 3.8132 D(x): 0.9235 D(G(z)): 0.1274/0.0244
Epoch 17/100 | G Loss: 4.9231 | D Loss: 0.3847 | Time: 899.2s
[18/100][293/1174] Loss_D: 0.3110 Loss_G: 5.8785 D(x): 0.8902 D(G(z)): 0.0020/0.0026
[18/100][586/1174] Loss_D: 0.3964 Loss_G: 7.1286 D(x): 0.9623 D(G(z)): 0.0059/0.0009
[18/100][879/1174] Loss_D: 0.3403 Loss_G: 4.1540 D(x): 0.9578 D(G(z)): 0.1748/0.0195
[18/100][1172/1174] Loss_D: 0.2206 Loss_G: 3.9331 D(x): 0.9081 D(G(z)): 0.0214/0.0289
Epoch 18/100 | G Loss: 4.8431 | D Loss: 0.3707 | Time: 951.5s
[19/100][293/1174] Loss_D: 0.3441 Loss_G: 7.6374 D(x): 0.9239 D(G(z)): 0.0026/0.0005
[19/100][586/1174] Loss_D: 0.3379 Loss_G: 5.2234 D(x): 0.9746 D(G(z)): 0.0147/0.0055
[19/100][879/1174] Loss_D: 0.1368 Loss_G: 5.1768 D(x): 0.9233 D(G(z)): 0.0056/0.0071
[19/100][1172/1174] Loss_D: 0.4220 Loss_G: 4.1496 D(x): 0.9783 D(G(z)): 0.1432/0.0147
Epoch 19/100 | G Loss: 4.9126 | D Loss: 0.3618 | Time: 1004.6s
[20/100][293/1174] Loss_D: 0.2800 Loss_G: 4.3744 D(x): 0.8796 D(G(z)): 0.0134/0.0158
[20/100][586/1174] Loss_D: 0.2967 Loss_G: 4.6209 D(x): 0.9458 D(G(z)): 0.0493/0.0099
[20/100][879/1174] Loss_D: 0.4521 Loss_G: 3.2864 D(x): 0.9742 D(G(z)): 0.0552/0.0402
[20/100][1172/1174] Loss_D: 0.3521 Loss_G: 5.9146 D(x): 0.9704 D(G(z)): 0.0067/0.0025
Epoch 20/100 | G Loss: 4.8294 | D Loss: 0.3632 | Time: 1057.3s
[21/100][293/1174] Loss_D: 0.3293 Loss_G: 4.2288 D(x): 0.8438 D(G(z)): 0.0121/0.0170
[21/100][586/1174] Loss_D: 0.2863 Loss_G: 4.9337 D(x): 0.8552 D(G(z)): 0.0063/0.0088
[21/100][879/1174] Loss_D: 0.2376 Loss_G: 5.2309 D(x): 0.9561 D(G(z)): 0.0101/0.0082
[21/100][1172/1174] Loss_D: 0.1508 Loss_G: 4.6808 D(x): 0.9186 D(G(z)): 0.0104/0.0143
Epoch 21/100 | G Loss: 4.8781 | D Loss: 0.3572 | Time: 1107.9s
[22/100][293/1174] Loss_D: 0.3446 Loss_G: 6.5257 D(x): 0.9604 D(G(z)): 0.0053/0.0020
[22/100][586/1174] Loss_D: 0.4940 Loss_G: 4.4882 D(x): 0.9616 D(G(z)): 0.1198/0.0093
[22/100][879/1174] Loss_D: 1.3492 Loss_G: 7.7799 D(x): 0.9980 D(G(z)): 0.5236/0.0003
[22/100][1172/1174] Loss_D: 0.4195 Loss_G: 4.0302 D(x): 0.9828 D(G(z)): 0.0224/0.0272
Epoch 22/100 | G Loss: 4.8251 | D Loss: 0.3606 | Time: 1166.7s
[23/100][293/1174] Loss_D: 0.2247 Loss_G: 3.4177 D(x): 0.8507 D(G(z)): 0.0316/0.0621
[23/100][586/1174] Loss_D: 0.5098 Loss_G: 3.3771 D(x): 0.9892 D(G(z)): 0.0649/0.0375
[23/100][879/1174] Loss_D: 0.1006 Loss_G: 4.2545 D(x): 0.9571 D(G(z)): 0.0215/0.0196
[23/100][1172/1174] Loss_D: 0.2029 Loss_G: 3.5678 D(x): 0.8905 D(G(z)): 0.0180/0.0423
Epoch 23/100 | G Loss: 4.8726 | D Loss: 0.3584 | Time: 1226.6s
[24/100][293/1174] Loss_D: 0.7825 Loss_G: 2.4409 D(x): 0.5022 D(G(z)): 0.0033/0.1264
[24/100][586/1174] Loss_D: 0.2294 Loss_G: 4.4232 D(x): 0.9516 D(G(z)): 0.0293/0.0167
[24/100][879/1174] Loss_D: 1.4506 Loss_G: 0.4098 D(x): 0.3135 D(G(z)): 0.0274/0.7341
[24/100][1172/1174] Loss_D: 0.3461 Loss_G: 5.3126 D(x): 0.8989 D(G(z)): 0.0057/0.0040
Epoch 24/100 | G Loss: 5.0485 | D Loss: 0.3336 | Time: 1284.0s
[25/100][293/1174] Loss_D: 0.2642 Loss_G: 4.6547 D(x): 0.9132 D(G(z)): 0.0257/0.0106
[25/100][586/1174] Loss_D: 0.2836 Loss_G: 6.4624 D(x): 0.7794 D(G(z)): 0.0005/0.0033
[25/100][879/1174] Loss_D: 0.3872 Loss_G: 4.7489 D(x): 0.9578 D(G(z)): 0.0195/0.0081
[25/100][1172/1174] Loss_D: 0.3132 Loss_G: 5.4458 D(x): 0.8097 D(G(z)): 0.0016/0.0042
Epoch 25/100 | G Loss: 4.8652 | D Loss: 0.3612 | Time: 1340.0s
[26/100][293/1174] Loss_D: 0.3835 Loss_G: 6.4193 D(x): 0.7233 D(G(z)): 0.0003/0.0026
[26/100][586/1174] Loss_D: 0.3033 Loss_G: 7.2845 D(x): 0.9725 D(G(z)): 0.0085/0.0011
[26/100][879/1174] Loss_D: 0.4146 Loss_G: 2.9408 D(x): 0.9979 D(G(z)): 0.1081/0.0599
[26/100][1172/1174] Loss_D: 0.4357 Loss_G: 4.9853 D(x): 0.6656 D(G(z)): 0.0006/0.0085
Epoch 26/100 | G Loss: 5.1072 | D Loss: 0.3169 | Time: 1395.8s
[27/100][293/1174] Loss_D: 0.1392 Loss_G: 4.4534 D(x): 0.9590 D(G(z)): 0.0499/0.0189
[27/100][586/1174] Loss_D: 0.8010 Loss_G: 1.4238 D(x): 0.5220 D(G(z)): 0.0075/0.4249
[27/100][879/1174] Loss_D: 0.2083 Loss_G: 4.0530 D(x): 0.8530 D(G(z)): 0.0193/0.0313
[27/100][1172/1174] Loss_D: 0.2903 Loss_G: 3.1274 D(x): 0.7882 D(G(z)): 0.0128/0.0730
Epoch 27/100 | G Loss: 5.2093 | D Loss: 0.3203 | Time: 1453.6s
[28/100][293/1174] Loss_D: 0.1298 Loss_G: 6.2896 D(x): 0.9334 D(G(z)): 0.0016/0.0026
[28/100][586/1174] Loss_D: 0.3772 Loss_G: 4.8471 D(x): 0.7395 D(G(z)): 0.0048/0.0179
[28/100][879/1174] Loss_D: 0.2855 Loss_G: 5.0278 D(x): 0.9785 D(G(z)): 0.0274/0.0073
[28/100][1172/1174] Loss_D: 0.3522 Loss_G: 6.1724 D(x): 0.8512 D(G(z)): 0.0017/0.0016
Epoch 28/100 | G Loss: 4.9913 | D Loss: 0.3453 | Time: 1508.6s
[29/100][293/1174] Loss_D: 0.2765 Loss_G: 5.0511 D(x): 0.9288 D(G(z)): 0.0145/0.0077
[29/100][586/1174] Loss_D: 0.4512 Loss_G: 4.5968 D(x): 0.9708 D(G(z)): 0.0290/0.0076
[29/100][879/1174] Loss_D: 0.3635 Loss_G: 1.8297 D(x): 0.7911 D(G(z)): 0.0841/0.1866
[29/100][1172/1174] Loss_D: 0.5988 Loss_G: 0.7172 D(x): 0.6048 D(G(z)): 0.0024/0.6541
Epoch 29/100 | G Loss: 5.1276 | D Loss: 0.3150 | Time: 1565.9s
[30/100][293/1174] Loss_D: 0.2371 Loss_G: 4.9594 D(x): 0.9592 D(G(z)): 0.0096/0.0072
[30/100][586/1174] Loss_D: 0.1970 Loss_G: 6.6873 D(x): 0.9443 D(G(z)): 0.0017/0.0013
[30/100][879/1174] Loss_D: 0.5358 Loss_G: 5.0168 D(x): 0.7631 D(G(z)): 0.0060/0.0082
[30/100][1172/1174] Loss_D: 0.3120 Loss_G: 5.2273 D(x): 0.9750 D(G(z)): 0.0076/0.0069
Epoch 30/100 | G Loss: 5.0838 | D Loss: 0.3300 | Time: 1619.2s
[31/100][293/1174] Loss_D: 0.2375 Loss_G: 5.7011 D(x): 0.8329 D(G(z)): 0.0017/0.0086
[31/100][586/1174] Loss_D: 0.1492 Loss_G: 4.3805 D(x): 0.9643 D(G(z)): 0.0230/0.0187
[31/100][879/1174] Loss_D: 0.1247 Loss_G: 5.7917 D(x): 0.9105 D(G(z)): 0.0026/0.0043
[31/100][1172/1174] Loss_D: 0.5626 Loss_G: 6.1011 D(x): 0.9944 D(G(z)): 0.0061/0.0017
Epoch 31/100 | G Loss: 5.2018 | D Loss: 0.3055 | Time: 1674.6s
[32/100][293/1174] Loss_D: 0.2265 Loss_G: 5.6426 D(x): 0.9619 D(G(z)): 0.0111/0.0073
[32/100][586/1174] Loss_D: 0.9710 Loss_G: 7.0214 D(x): 0.9930 D(G(z)): 0.4057/0.0014
[32/100][879/1174] Loss_D: 0.3827 Loss_G: 7.0236 D(x): 0.9760 D(G(z)): 0.0019/0.0009
[32/100][1172/1174] Loss_D: 0.3444 Loss_G: 8.8249 D(x): 0.9013 D(G(z)): 0.0002/0.0001
Epoch 32/100 | G Loss: 5.1741 | D Loss: 0.3195 | Time: 1731.2s
[33/100][293/1174] Loss_D: 0.5107 Loss_G: 6.8678 D(x): 0.9918 D(G(z)): 0.0015/0.0007
[33/100][586/1174] Loss_D: 0.3431 Loss_G: 5.8730 D(x): 0.7276 D(G(z)): 0.0003/0.0044
[33/100][879/1174] Loss_D: 0.2843 Loss_G: 6.1332 D(x): 0.9725 D(G(z)): 0.0077/0.0027
[33/100][1172/1174] Loss_D: 0.2542 Loss_G: 6.3025 D(x): 0.9740 D(G(z)): 0.0038/0.0022
Epoch 33/100 | G Loss: 5.1101 | D Loss: 0.3132 | Time: 1788.7s
[34/100][293/1174] Loss_D: 0.1783 Loss_G: 6.2084 D(x): 0.8868 D(G(z)): 0.0024/0.0037
[34/100][586/1174] Loss_D: 0.2256 Loss_G: 4.6350 D(x): 0.9622 D(G(z)): 0.0185/0.0097
[34/100][879/1174] Loss_D: 0.2575 Loss_G: 5.9784 D(x): 0.9844 D(G(z)): 0.0056/0.0031
[34/100][1172/1174] Loss_D: 0.5371 Loss_G: 5.0771 D(x): 0.6468 D(G(z)): 0.0007/0.0096
Epoch 34/100 | G Loss: 5.2040 | D Loss: 0.3213 | Time: 1844.5s
[35/100][293/1174] Loss_D: 0.4473 Loss_G: 5.3465 D(x): 0.9912 D(G(z)): 0.0162/0.0047
[35/100][586/1174] Loss_D: 0.3472 Loss_G: 4.7529 D(x): 0.9812 D(G(z)): 0.1816/0.0114
[35/100][879/1174] Loss_D: 0.1191 Loss_G: 5.7616 D(x): 0.9478 D(G(z)): 0.0041/0.0042
[35/100][1172/1174] Loss_D: 0.4166 Loss_G: 4.8467 D(x): 0.9813 D(G(z)): 0.0035/0.0063
Epoch 35/100 | G Loss: 5.2519 | D Loss: 0.2977 | Time: 1902.3s
[36/100][293/1174] Loss_D: 0.6580 Loss_G: 3.6803 D(x): 0.9958 D(G(z)): 0.1038/0.0230
[36/100][586/1174] Loss_D: 0.1337 Loss_G: 3.1775 D(x): 0.9891 D(G(z)): 0.0554/0.0472
[36/100][879/1174] Loss_D: 0.3938 Loss_G: 5.0913 D(x): 0.9867 D(G(z)): 0.0783/0.0062
[36/100][1172/1174] Loss_D: 0.3803 Loss_G: 3.9377 D(x): 0.9915 D(G(z)): 0.0609/0.0185
Epoch 36/100 | G Loss: 5.2236 | D Loss: 0.3030 | Time: 1960.9s
[37/100][293/1174] Loss_D: 0.3972 Loss_G: 3.8165 D(x): 0.7436 D(G(z)): 0.0053/0.0317
[37/100][586/1174] Loss_D: 0.4887 Loss_G: 4.3162 D(x): 0.6364 D(G(z)): 0.0008/0.0239
[37/100][879/1174] Loss_D: 0.3417 Loss_G: 4.0467 D(x): 0.9828 D(G(z)): 0.0071/0.0179
[37/100][1172/1174] Loss_D: 0.2930 Loss_G: 4.7383 D(x): 0.9220 D(G(z)): 0.0139/0.0089
Epoch 37/100 | G Loss: 5.2459 | D Loss: 0.2963 | Time: 2021.1s
[38/100][293/1174] Loss_D: 0.4237 Loss_G: 5.0104 D(x): 0.9892 D(G(z)): 0.0097/0.0066
[38/100][586/1174] Loss_D: 0.2723 Loss_G: 3.9515 D(x): 0.8610 D(G(z)): 0.0961/0.0248
[38/100][879/1174] Loss_D: 0.5003 Loss_G: 5.7604 D(x): 0.9886 D(G(z)): 0.1275/0.0031
[38/100][1172/1174] Loss_D: 0.0555 Loss_G: 4.0414 D(x): 0.9789 D(G(z)): 0.0282/0.0232
Epoch 38/100 | G Loss: 5.4321 | D Loss: 0.2939 | Time: 2079.4s
[39/100][293/1174] Loss_D: 1.3490 Loss_G: 5.3308 D(x): 0.3021 D(G(z)): 0.0001/0.0056
[39/100][586/1174] Loss_D: 0.3260 Loss_G: 6.4513 D(x): 0.9924 D(G(z)): 0.0027/0.0013
[39/100][879/1174] Loss_D: 0.5449 Loss_G: 6.3994 D(x): 0.9979 D(G(z)): 0.0025/0.0012
[39/100][1172/1174] Loss_D: 0.3912 Loss_G: 7.8856 D(x): 0.9823 D(G(z)): 0.0007/0.0003
Epoch 39/100 | G Loss: 5.1735 | D Loss: 0.2950 | Time: 2138.7s
[40/100][293/1174] Loss_D: 0.1308 Loss_G: 6.3742 D(x): 0.9016 D(G(z)): 0.0014/0.0021
[40/100][586/1174] Loss_D: 0.3804 Loss_G: 4.8735 D(x): 0.9529 D(G(z)): 0.0380/0.0063
[40/100][879/1174] Loss_D: 0.2214 Loss_G: 5.4906 D(x): 0.8847 D(G(z)): 0.0024/0.0044
[40/100][1172/1174] Loss_D: 0.2926 Loss_G: 4.5651 D(x): 0.9653 D(G(z)): 0.0107/0.0141
Epoch 40/100 | G Loss: 5.3757 | D Loss: 0.2943 | Time: 2196.6s
[41/100][293/1174] Loss_D: 0.2858 Loss_G: 5.3584 D(x): 0.9071 D(G(z)): 0.0054/0.0051
[41/100][586/1174] Loss_D: 0.1801 Loss_G: 4.8432 D(x): 0.9763 D(G(z)): 0.0088/0.0081
[41/100][879/1174] Loss_D: 0.3038 Loss_G: 4.6240 D(x): 0.9702 D(G(z)): 0.0259/0.0100
[41/100][1172/1174] Loss_D: 0.4608 Loss_G: 5.7169 D(x): 0.9865 D(G(z)): 0.0304/0.0026
Epoch 41/100 | G Loss: 5.2453 | D Loss: 0.3010 | Time: 2251.2s
[42/100][293/1174] Loss_D: 0.2211 Loss_G: 4.6032 D(x): 0.9157 D(G(z)): 0.0112/0.0109
[42/100][586/1174] Loss_D: 0.3293 Loss_G: 5.3639 D(x): 0.9406 D(G(z)): 0.0096/0.0047
[42/100][879/1174] Loss_D: 0.4502 Loss_G: 5.2631 D(x): 0.9818 D(G(z)): 0.0631/0.0049
[42/100][1172/1174] Loss_D: 0.2415 Loss_G: 5.1084 D(x): 0.9661 D(G(z)): 0.0092/0.0053
Epoch 42/100 | G Loss: 5.4344 | D Loss: 0.2771 | Time: 2305.2s
[43/100][293/1174] Loss_D: 0.4107 Loss_G: 6.5254 D(x): 0.9491 D(G(z)): 0.0500/0.0011
[43/100][586/1174] Loss_D: 0.0645 Loss_G: 6.4730 D(x): 0.9846 D(G(z)): 0.0024/0.0019
[43/100][879/1174] Loss_D: 0.2967 Loss_G: 4.2284 D(x): 0.9688 D(G(z)): 0.0260/0.0150
[43/100][1172/1174] Loss_D: 0.2787 Loss_G: 5.3653 D(x): 0.9859 D(G(z)): 0.0850/0.0068
Epoch 43/100 | G Loss: 5.3396 | D Loss: 0.2920 | Time: 2357.6s
[44/100][293/1174] Loss_D: 0.2733 Loss_G: 3.5436 D(x): 0.9755 D(G(z)): 0.0456/0.0314
[44/100][586/1174] Loss_D: 0.3371 Loss_G: 6.0410 D(x): 0.9653 D(G(z)): 0.0038/0.0016
[44/100][879/1174] Loss_D: 0.2308 Loss_G: 4.9303 D(x): 0.9046 D(G(z)): 0.0140/0.0095
[44/100][1172/1174] Loss_D: 0.2792 Loss_G: 3.9604 D(x): 0.8973 D(G(z)): 0.0342/0.0188
Epoch 44/100 | G Loss: 5.3010 | D Loss: 0.2930 | Time: 2411.9s
[45/100][293/1174] Loss_D: 0.3391 Loss_G: 5.8181 D(x): 0.9870 D(G(z)): 0.0079/0.0038
[45/100][586/1174] Loss_D: 0.2205 Loss_G: 6.8616 D(x): 0.9464 D(G(z)): 0.0010/0.0009
[45/100][879/1174] Loss_D: 0.2709 Loss_G: 5.9959 D(x): 0.9256 D(G(z)): 0.0031/0.0023
[45/100][1172/1174] Loss_D: 0.0950 Loss_G: 3.7934 D(x): 0.9304 D(G(z)): 0.0208/0.0256
Epoch 45/100 | G Loss: 5.3551 | D Loss: 0.2862 | Time: 2462.1s
[46/100][293/1174] Loss_D: 0.1404 Loss_G: 6.5056 D(x): 0.9303 D(G(z)): 0.0016/0.0023
[46/100][586/1174] Loss_D: 0.3849 Loss_G: 6.5105 D(x): 0.9822 D(G(z)): 0.0067/0.0021
[46/100][879/1174] Loss_D: 0.3355 Loss_G: 6.6672 D(x): 0.8729 D(G(z)): 0.0011/0.0010
[46/100][1172/1174] Loss_D: 0.7140 Loss_G: 6.0579 D(x): 0.9992 D(G(z)): 0.2465/0.0031
Epoch 46/100 | G Loss: 5.4049 | D Loss: 0.2863 | Time: 2519.6s
[47/100][293/1174] Loss_D: 0.3244 Loss_G: 3.9841 D(x): 0.9542 D(G(z)): 0.0711/0.0170
[47/100][586/1174] Loss_D: 0.1172 Loss_G: 4.6398 D(x): 0.9732 D(G(z)): 0.0122/0.0098
[47/100][879/1174] Loss_D: 0.2132 Loss_G: 5.0269 D(x): 0.8859 D(G(z)): 0.0038/0.0078
[47/100][1172/1174] Loss_D: 0.0850 Loss_G: 4.4113 D(x): 0.9749 D(G(z)): 0.0267/0.0161
Epoch 47/100 | G Loss: 5.1000 | D Loss: 0.2977 | Time: 2576.2s
[48/100][293/1174] Loss_D: 0.3192 Loss_G: 4.6311 D(x): 0.9935 D(G(z)): 0.0561/0.0119
[48/100][586/1174] Loss_D: 0.1276 Loss_G: 4.8473 D(x): 0.9028 D(G(z)): 0.0079/0.0135
[48/100][879/1174] Loss_D: 0.5379 Loss_G: 5.0528 D(x): 0.9888 D(G(z)): 0.0804/0.0045
[48/100][1172/1174] Loss_D: 0.3844 Loss_G: 5.1241 D(x): 0.9808 D(G(z)): 0.0094/0.0052
Epoch 48/100 | G Loss: 5.3661 | D Loss: 0.2797 | Time: 2627.4s
[49/100][293/1174] Loss_D: 0.2694 Loss_G: 4.1015 D(x): 0.9008 D(G(z)): 0.0238/0.0231
[49/100][586/1174] Loss_D: 0.0826 Loss_G: 5.7753 D(x): 0.9455 D(G(z)): 0.0034/0.0047
[49/100][879/1174] Loss_D: 0.0795 Loss_G: 4.7713 D(x): 0.9395 D(G(z)): 0.0055/0.0101
[49/100][1172/1174] Loss_D: 0.2854 Loss_G: 4.9273 D(x): 0.7707 D(G(z)): 0.0023/0.0098
Epoch 49/100 | G Loss: 5.3783 | D Loss: 0.2887 | Time: 2685.3s
[50/100][293/1174] Loss_D: 0.4260 Loss_G: 4.9928 D(x): 0.9911 D(G(z)): 0.0081/0.0055
[50/100][586/1174] Loss_D: 0.3049 Loss_G: 4.5231 D(x): 0.9908 D(G(z)): 0.0600/0.0149
[50/100][879/1174] Loss_D: 0.4259 Loss_G: 3.1514 D(x): 0.8089 D(G(z)): 0.0445/0.0411
[50/100][1172/1174] Loss_D: 0.1144 Loss_G: 4.8305 D(x): 0.9208 D(G(z)): 0.0063/0.0097
Epoch 50/100 | G Loss: 5.3274 | D Loss: 0.3002 | Time: 2742.6s
Checkpoints saved: results/cdcgan/run_20260531-033636/generator_epoch_50.pth, results/cdcgan/run_20260531-033636/discriminator_epoch_50.pth
[51/100][293/1174] Loss_D: 0.3155 Loss_G: 5.4422 D(x): 0.9886 D(G(z)): 0.0180/0.0043
[51/100][586/1174] Loss_D: 0.2054 Loss_G: 4.9687 D(x): 0.9625 D(G(z)): 0.0141/0.0075
[51/100][879/1174] Loss_D: 0.4139 Loss_G: 5.8643 D(x): 0.9885 D(G(z)): 0.0061/0.0022
[51/100][1172/1174] Loss_D: 0.1310 Loss_G: 5.3961 D(x): 0.9707 D(G(z)): 0.0119/0.0070
Epoch 51/100 | G Loss: 5.4198 | D Loss: 0.2723 | Time: 2805.4s
[52/100][293/1174] Loss_D: 0.3180 Loss_G: 5.5110 D(x): 0.8731 D(G(z)): 0.0025/0.0027
[52/100][586/1174] Loss_D: 0.0448 Loss_G: 5.0566 D(x): 0.9929 D(G(z)): 0.0137/0.0089
[52/100][879/1174] Loss_D: 0.3978 Loss_G: 5.2818 D(x): 0.9840 D(G(z)): 0.0056/0.0043
[52/100][1172/1174] Loss_D: 0.3753 Loss_G: 7.7623 D(x): 0.9761 D(G(z)): 0.0004/0.0003
Epoch 52/100 | G Loss: 5.4742 | D Loss: 0.2806 | Time: 2859.6s
[53/100][293/1174] Loss_D: 0.4355 Loss_G: 3.2034 D(x): 0.7125 D(G(z)): 0.0110/0.0479
[53/100][586/1174] Loss_D: 0.0603 Loss_G: 5.7868 D(x): 0.9644 D(G(z)): 0.0035/0.0042
[53/100][879/1174] Loss_D: 0.3754 Loss_G: 8.5726 D(x): 0.9573 D(G(z)): 0.0003/0.0001
[53/100][1172/1174] Loss_D: 0.3179 Loss_G: 4.5720 D(x): 0.9640 D(G(z)): 0.0311/0.0085
Epoch 53/100 | G Loss: 5.4369 | D Loss: 0.2717 | Time: 2913.4s
[54/100][293/1174] Loss_D: 0.1672 Loss_G: 4.7188 D(x): 0.9163 D(G(z)): 0.0154/0.0140
[54/100][586/1174] Loss_D: 0.3285 Loss_G: 5.8196 D(x): 0.9829 D(G(z)): 0.0043/0.0027
[54/100][879/1174] Loss_D: 0.4473 Loss_G: 5.1008 D(x): 0.9779 D(G(z)): 0.0338/0.0053
[54/100][1172/1174] Loss_D: 0.4145 Loss_G: 6.2442 D(x): 0.7815 D(G(z)): 0.0007/0.0015
Epoch 54/100 | G Loss: 5.4516 | D Loss: 0.2853 | Time: 2971.9s
[55/100][293/1174] Loss_D: 0.2748 Loss_G: 4.2254 D(x): 0.7716 D(G(z)): 0.0029/0.0200
[55/100][586/1174] Loss_D: 0.1799 Loss_G: 5.9220 D(x): 0.9011 D(G(z)): 0.0019/0.0035
[55/100][879/1174] Loss_D: 0.2987 Loss_G: 7.7338 D(x): 0.9865 D(G(z)): 0.0005/0.0003
[55/100][1172/1174] Loss_D: 0.1930 Loss_G: 5.8429 D(x): 0.9507 D(G(z)): 0.0039/0.0030
Epoch 55/100 | G Loss: 5.5089 | D Loss: 0.2655 | Time: 3030.5s
[56/100][293/1174] Loss_D: 0.3494 Loss_G: 5.2104 D(x): 0.9792 D(G(z)): 0.0084/0.0041
[56/100][586/1174] Loss_D: 0.3390 Loss_G: 5.2330 D(x): 0.7384 D(G(z)): 0.0004/0.0073
[56/100][879/1174] Loss_D: 0.5369 Loss_G: 6.1781 D(x): 0.9700 D(G(z)): 0.1759/0.0017
[56/100][1172/1174] Loss_D: 0.1815 Loss_G: 4.9052 D(x): 0.9779 D(G(z)): 0.0084/0.0085
Epoch 56/100 | G Loss: 5.6409 | D Loss: 0.2722 | Time: 3086.5s
[57/100][293/1174] Loss_D: 0.1696 Loss_G: 8.1113 D(x): 0.9713 D(G(z)): 0.0005/0.0003
[57/100][586/1174] Loss_D: 0.3441 Loss_G: 5.2734 D(x): 0.9893 D(G(z)): 0.0067/0.0048
[57/100][879/1174] Loss_D: 0.0412 Loss_G: 4.9451 D(x): 0.9706 D(G(z)): 0.0061/0.0094
[57/100][1172/1174] Loss_D: 0.2550 Loss_G: 6.5015 D(x): 0.9527 D(G(z)): 0.0012/0.0013
Epoch 57/100 | G Loss: 5.3644 | D Loss: 0.2828 | Time: 3143.2s
[58/100][293/1174] Loss_D: 0.1192 Loss_G: 6.0511 D(x): 0.9585 D(G(z)): 0.0042/0.0029
[58/100][586/1174] Loss_D: 0.3992 Loss_G: 7.6137 D(x): 0.9832 D(G(z)): 0.0005/0.0003
[58/100][879/1174] Loss_D: 0.4345 Loss_G: 5.1807 D(x): 0.9932 D(G(z)): 0.0084/0.0060
[58/100][1172/1174] Loss_D: 0.2291 Loss_G: 4.3077 D(x): 0.9618 D(G(z)): 0.1602/0.0143
Epoch 58/100 | G Loss: 5.5271 | D Loss: 0.2633 | Time: 3199.0s
[59/100][293/1174] Loss_D: 0.1741 Loss_G: 7.0398 D(x): 0.9687 D(G(z)): 0.0012/0.0009
[59/100][586/1174] Loss_D: 0.2652 Loss_G: 7.0828 D(x): 0.9433 D(G(z)): 0.0008/0.0008
[59/100][879/1174] Loss_D: 0.5006 Loss_G: 3.6489 D(x): 0.9771 D(G(z)): 0.1016/0.0255
[59/100][1172/1174] Loss_D: 0.2812 Loss_G: 5.2955 D(x): 0.9844 D(G(z)): 0.1669/0.0051
Epoch 59/100 | G Loss: 5.6570 | D Loss: 0.2657 | Time: 3253.9s
[60/100][293/1174] Loss_D: 0.1520 Loss_G: 5.9360 D(x): 0.9538 D(G(z)): 0.0064/0.0041
[60/100][586/1174] Loss_D: 0.3523 Loss_G: 5.6795 D(x): 0.8215 D(G(z)): 0.0029/0.0034
[60/100][879/1174] Loss_D: 0.4001 Loss_G: 5.7857 D(x): 0.9745 D(G(z)): 0.0028/0.0023
[60/100][1172/1174] Loss_D: 0.1131 Loss_G: 5.0245 D(x): 0.9172 D(G(z)): 0.0039/0.0083
Epoch 60/100 | G Loss: 5.5229 | D Loss: 0.2757 | Time: 3310.8s
[61/100][293/1174] Loss_D: 0.1912 Loss_G: 7.0662 D(x): 0.9804 D(G(z)): 0.0018/0.0010
[61/100][586/1174] Loss_D: 0.2710 Loss_G: 6.6097 D(x): 0.8507 D(G(z)): 0.0006/0.0012
[61/100][879/1174] Loss_D: 0.0246 Loss_G: 5.8868 D(x): 0.9849 D(G(z)): 0.0075/0.0044
[61/100][1172/1174] Loss_D: 0.3056 Loss_G: 4.7432 D(x): 0.8020 D(G(z)): 0.0029/0.0080
Epoch 61/100 | G Loss: 5.5967 | D Loss: 0.2711 | Time: 3370.9s
[62/100][293/1174] Loss_D: 0.2654 Loss_G: 4.3752 D(x): 0.9952 D(G(z)): 0.0509/0.0123
[62/100][586/1174] Loss_D: 0.2724 Loss_G: 6.3602 D(x): 0.9729 D(G(z)): 0.0030/0.0019
[62/100][879/1174] Loss_D: 0.1035 Loss_G: 6.7779 D(x): 0.9244 D(G(z)): 0.0008/0.0015
[62/100][1172/1174] Loss_D: 0.1547 Loss_G: 8.0968 D(x): 0.9748 D(G(z)): 0.0004/0.0003
Epoch 62/100 | G Loss: 5.5042 | D Loss: 0.2719 | Time: 3426.9s
[63/100][293/1174] Loss_D: 0.3574 Loss_G: 4.8542 D(x): 0.9614 D(G(z)): 0.0198/0.0069
[63/100][586/1174] Loss_D: 0.0475 Loss_G: 5.8598 D(x): 0.9586 D(G(z)): 0.0033/0.0032
[63/100][879/1174] Loss_D: 0.4674 Loss_G: 6.6207 D(x): 0.9950 D(G(z)): 0.0019/0.0009
[63/100][1172/1174] Loss_D: 0.3902 Loss_G: 4.0166 D(x): 0.9792 D(G(z)): 0.0534/0.0151
Epoch 63/100 | G Loss: 5.5789 | D Loss: 0.2636 | Time: 3480.5s
[64/100][293/1174] Loss_D: 0.3675 Loss_G: 6.9457 D(x): 0.7713 D(G(z)): 0.0002/0.0008
[64/100][586/1174] Loss_D: 0.1271 Loss_G: 6.6730 D(x): 0.9624 D(G(z)): 0.0024/0.0016
[64/100][879/1174] Loss_D: 0.3080 Loss_G: 6.3375 D(x): 0.9112 D(G(z)): 0.0013/0.0011
[64/100][1172/1174] Loss_D: 0.1167 Loss_G: 5.4539 D(x): 0.9812 D(G(z)): 0.0080/0.0051
Epoch 64/100 | G Loss: 5.5536 | D Loss: 0.2633 | Time: 3535.9s
[65/100][293/1174] Loss_D: 0.2276 Loss_G: 3.6382 D(x): 0.9775 D(G(z)): 0.0365/0.0244
[65/100][586/1174] Loss_D: 0.0720 Loss_G: 4.6125 D(x): 0.9814 D(G(z)): 0.0151/0.0127
[65/100][879/1174] Loss_D: 0.2803 Loss_G: 4.2641 D(x): 0.8596 D(G(z)): 0.0089/0.0165
[65/100][1172/1174] Loss_D: 0.2409 Loss_G: 4.7698 D(x): 0.9865 D(G(z)): 0.0187/0.0088
Epoch 65/100 | G Loss: 5.7221 | D Loss: 0.2603 | Time: 3594.5s
[66/100][293/1174] Loss_D: 0.2941 Loss_G: 4.4553 D(x): 0.8929 D(G(z)): 0.0170/0.0114
[66/100][586/1174] Loss_D: 0.1310 Loss_G: 4.5277 D(x): 0.9879 D(G(z)): 0.0905/0.0151
[66/100][879/1174] Loss_D: 0.2384 Loss_G: 5.8673 D(x): 0.9685 D(G(z)): 0.0031/0.0023
[66/100][1172/1174] Loss_D: 0.2321 Loss_G: 5.2207 D(x): 0.9225 D(G(z)): 0.0083/0.0048
Epoch 66/100 | G Loss: 5.6323 | D Loss: 0.2700 | Time: 3646.5s
[67/100][293/1174] Loss_D: 0.0538 Loss_G: 7.5887 D(x): 0.9542 D(G(z)): 0.0006/0.0008
[67/100][586/1174] Loss_D: 0.3197 Loss_G: 8.0735 D(x): 0.9816 D(G(z)): 0.0004/0.0003
[67/100][879/1174] Loss_D: 0.1742 Loss_G: 6.1705 D(x): 0.9004 D(G(z)): 0.0039/0.0024
[67/100][1172/1174] Loss_D: 0.8529 Loss_G: 3.1258 D(x): 0.4906 D(G(z)): 0.0017/0.0513
Epoch 67/100 | G Loss: 5.6820 | D Loss: 0.2628 | Time: 3703.4s
[68/100][293/1174] Loss_D: 0.3102 Loss_G: 7.3307 D(x): 0.8698 D(G(z)): 0.0004/0.0004
[68/100][586/1174] Loss_D: 0.1689 Loss_G: 8.8022 D(x): 0.9703 D(G(z)): 0.0003/0.0001
[68/100][879/1174] Loss_D: 0.3500 Loss_G: 5.3087 D(x): 0.9793 D(G(z)): 0.0029/0.0040
[68/100][1172/1174] Loss_D: 0.2506 Loss_G: 6.7724 D(x): 0.8766 D(G(z)): 0.0006/0.0010
Epoch 68/100 | G Loss: 5.5876 | D Loss: 0.2582 | Time: 3759.7s
[69/100][293/1174] Loss_D: 0.2429 Loss_G: 5.1736 D(x): 0.8529 D(G(z)): 0.0018/0.0063
[69/100][586/1174] Loss_D: 0.2454 Loss_G: 5.8083 D(x): 0.9577 D(G(z)): 0.0037/0.0028
[69/100][879/1174] Loss_D: 0.5862 Loss_G: 2.2312 D(x): 0.5925 D(G(z)): 0.0035/0.1212
[69/100][1172/1174] Loss_D: 0.0642 Loss_G: 5.4871 D(x): 0.9905 D(G(z)): 0.0051/0.0077
Epoch 69/100 | G Loss: 5.6664 | D Loss: 0.2649 | Time: 3816.7s
[70/100][293/1174] Loss_D: 0.1198 Loss_G: 6.4627 D(x): 0.9632 D(G(z)): 0.0019/0.0016
[70/100][586/1174] Loss_D: 0.1856 Loss_G: 4.4504 D(x): 0.9096 D(G(z)): 0.0087/0.0113
[70/100][879/1174] Loss_D: 0.1999 Loss_G: 4.6068 D(x): 0.9326 D(G(z)): 0.0147/0.0120
[70/100][1172/1174] Loss_D: 0.1916 Loss_G: 4.8407 D(x): 0.9589 D(G(z)): 0.0092/0.0078
Epoch 70/100 | G Loss: 5.5899 | D Loss: 0.2566 | Time: 3870.7s
[71/100][293/1174] Loss_D: 0.3428 Loss_G: 4.9030 D(x): 0.9827 D(G(z)): 0.0165/0.0061
[71/100][586/1174] Loss_D: 0.2794 Loss_G: 4.7560 D(x): 0.9617 D(G(z)): 0.0156/0.0077
[71/100][879/1174] Loss_D: 0.3219 Loss_G: 5.8969 D(x): 0.9702 D(G(z)): 0.0031/0.0019
[71/100][1172/1174] Loss_D: 0.3002 Loss_G: 3.7955 D(x): 0.9712 D(G(z)): 0.0159/0.0252
Epoch 71/100 | G Loss: 5.6129 | D Loss: 0.2601 | Time: 3929.3s
[72/100][293/1174] Loss_D: 0.3061 Loss_G: 6.9157 D(x): 0.8393 D(G(z)): 0.0004/0.0008
[72/100][586/1174] Loss_D: 0.1804 Loss_G: 5.6827 D(x): 0.9961 D(G(z)): 0.0043/0.0040
[72/100][879/1174] Loss_D: 0.2523 Loss_G: 6.5271 D(x): 0.9681 D(G(z)): 0.0014/0.0011
[72/100][1172/1174] Loss_D: 0.7002 Loss_G: 5.0712 D(x): 0.9972 D(G(z)): 0.0862/0.0048
Epoch 72/100 | G Loss: 5.7115 | D Loss: 0.2518 | Time: 3984.3s
[73/100][293/1174] Loss_D: 0.0836 Loss_G: 4.2003 D(x): 0.9879 D(G(z)): 0.0162/0.0209
[73/100][586/1174] Loss_D: 0.0733 Loss_G: 4.4172 D(x): 0.9799 D(G(z)): 0.0237/0.0134
[73/100][879/1174] Loss_D: 0.2379 Loss_G: 4.8440 D(x): 0.9748 D(G(z)): 0.0265/0.0085
[73/100][1172/1174] Loss_D: 0.1695 Loss_G: 4.8814 D(x): 0.9833 D(G(z)): 0.0548/0.0076
Epoch 73/100 | G Loss: 5.6697 | D Loss: 0.2581 | Time: 4044.4s
[74/100][293/1174] Loss_D: 0.1799 Loss_G: 7.0672 D(x): 0.9688 D(G(z)): 0.0006/0.0009
[74/100][586/1174] Loss_D: 0.2433 Loss_G: 8.9041 D(x): 0.7983 D(G(z)): 0.0000/0.0002
[74/100][879/1174] Loss_D: 0.3142 Loss_G: 5.8429 D(x): 0.8119 D(G(z)): 0.0026/0.0031
[74/100][1172/1174] Loss_D: 0.3155 Loss_G: 6.3482 D(x): 0.9764 D(G(z)): 0.0025/0.0015
Epoch 74/100 | G Loss: 5.6792 | D Loss: 0.2515 | Time: 4101.5s
[75/100][293/1174] Loss_D: 0.1396 Loss_G: 5.6107 D(x): 0.9042 D(G(z)): 0.0023/0.0041
[75/100][586/1174] Loss_D: 0.2579 Loss_G: 4.7798 D(x): 0.8773 D(G(z)): 0.0058/0.0097
[75/100][879/1174] Loss_D: 0.1238 Loss_G: 4.6659 D(x): 0.9856 D(G(z)): 0.0507/0.0095
[75/100][1172/1174] Loss_D: 0.2865 Loss_G: 6.8696 D(x): 0.9588 D(G(z)): 0.0016/0.0008
Epoch 75/100 | G Loss: 5.8188 | D Loss: 0.2511 | Time: 4159.4s
[76/100][293/1174] Loss_D: 0.1631 Loss_G: 6.1240 D(x): 0.9526 D(G(z)): 0.0025/0.0021
[76/100][586/1174] Loss_D: 0.0827 Loss_G: 6.6759 D(x): 0.9897 D(G(z)): 0.0024/0.0016
[76/100][879/1174] Loss_D: 0.2605 Loss_G: 7.1933 D(x): 0.9497 D(G(z)): 0.0007/0.0006
[76/100][1172/1174] Loss_D: 0.3268 Loss_G: 6.7228 D(x): 0.8922 D(G(z)): 0.0009/0.0009
Epoch 76/100 | G Loss: 5.6825 | D Loss: 0.2635 | Time: 4215.9s
[77/100][293/1174] Loss_D: 0.3433 Loss_G: 4.4830 D(x): 0.9790 D(G(z)): 0.0120/0.0140
[77/100][586/1174] Loss_D: 0.2011 Loss_G: 6.5708 D(x): 0.9915 D(G(z)): 0.0014/0.0013
[77/100][879/1174] Loss_D: 0.2323 Loss_G: 7.8401 D(x): 0.9640 D(G(z)): 0.0003/0.0003
[77/100][1172/1174] Loss_D: 0.3255 Loss_G: 8.2174 D(x): 0.9675 D(G(z)): 0.0003/0.0002
Epoch 77/100 | G Loss: 5.6702 | D Loss: 0.2581 | Time: 4270.0s
[78/100][293/1174] Loss_D: 0.1585 Loss_G: 6.3408 D(x): 0.9651 D(G(z)): 0.0025/0.0019
[78/100][586/1174] Loss_D: 0.3923 Loss_G: 4.2003 D(x): 0.9949 D(G(z)): 0.1428/0.0152
[78/100][879/1174] Loss_D: 0.1451 Loss_G: 8.1924 D(x): 0.8808 D(G(z)): 0.0003/0.0004
[78/100][1172/1174] Loss_D: 0.8754 Loss_G: 7.8605 D(x): 0.9878 D(G(z)): 0.3517/0.0002
Epoch 78/100 | G Loss: 5.7340 | D Loss: 0.2608 | Time: 4322.2s
[79/100][293/1174] Loss_D: 0.2864 Loss_G: 6.3642 D(x): 0.9604 D(G(z)): 0.0024/0.0013
[79/100][586/1174] Loss_D: 0.3203 Loss_G: 6.8507 D(x): 0.7533 D(G(z)): 0.0004/0.0013
[79/100][879/1174] Loss_D: 0.1045 Loss_G: 6.6252 D(x): 0.9349 D(G(z)): 0.0009/0.0019
[79/100][1172/1174] Loss_D: 0.2575 Loss_G: 5.3193 D(x): 0.9736 D(G(z)): 0.0090/0.0048
Epoch 79/100 | G Loss: 5.5304 | D Loss: 0.2648 | Time: 4375.1s
[80/100][293/1174] Loss_D: 0.4649 Loss_G: 4.0601 D(x): 0.9852 D(G(z)): 0.0595/0.0127
[80/100][586/1174] Loss_D: 0.1346 Loss_G: 4.0892 D(x): 0.9888 D(G(z)): 0.0142/0.0194
[80/100][879/1174] Loss_D: 0.3075 Loss_G: 5.2653 D(x): 0.7432 D(G(z)): 0.0009/0.0121
[80/100][1172/1174] Loss_D: 0.1813 Loss_G: 4.4994 D(x): 0.9789 D(G(z)): 0.0222/0.0110
Epoch 80/100 | G Loss: 5.7485 | D Loss: 0.2520 | Time: 4427.7s
[81/100][293/1174] Loss_D: 0.2233 Loss_G: 5.1585 D(x): 0.9848 D(G(z)): 0.0122/0.0063
[81/100][586/1174] Loss_D: 0.1403 Loss_G: 5.0700 D(x): 0.8908 D(G(z)): 0.0024/0.0071
[81/100][879/1174] Loss_D: 0.3002 Loss_G: 4.6289 D(x): 0.9039 D(G(z)): 0.0106/0.0078
[81/100][1172/1174] Loss_D: 0.2927 Loss_G: 4.8255 D(x): 0.8063 D(G(z)): 0.0034/0.0093
Epoch 81/100 | G Loss: 5.8061 | D Loss: 0.2518 | Time: 4480.5s
[82/100][293/1174] Loss_D: 0.1131 Loss_G: 5.4057 D(x): 0.9718 D(G(z)): 0.0056/0.0053
[82/100][586/1174] Loss_D: 0.1820 Loss_G: 10.0157 D(x): 0.9172 D(G(z)): 0.0000/0.0000
[82/100][879/1174] Loss_D: 0.4124 Loss_G: 5.6971 D(x): 0.6947 D(G(z)): 0.0002/0.0039
[82/100][1172/1174] Loss_D: 0.2730 Loss_G: 6.9097 D(x): 0.9882 D(G(z)): 0.0051/0.0009
Epoch 82/100 | G Loss: 5.8907 | D Loss: 0.2443 | Time: 4533.0s
[83/100][293/1174] Loss_D: 0.2416 Loss_G: 5.1874 D(x): 0.8787 D(G(z)): 0.0049/0.0055
[83/100][586/1174] Loss_D: 0.3973 Loss_G: 5.6806 D(x): 0.7700 D(G(z)): 0.0005/0.0032
[83/100][879/1174] Loss_D: 0.4672 Loss_G: 4.7308 D(x): 0.6970 D(G(z)): 0.0015/0.0081
[83/100][1172/1174] Loss_D: 0.2039 Loss_G: 5.8900 D(x): 0.9006 D(G(z)): 0.0039/0.0038
Epoch 83/100 | G Loss: 5.8151 | D Loss: 0.2519 | Time: 4588.2s
[84/100][293/1174] Loss_D: 0.2985 Loss_G: 6.9120 D(x): 0.9490 D(G(z)): 0.0024/0.0008
[84/100][586/1174] Loss_D: 0.2698 Loss_G: 5.4832 D(x): 0.9045 D(G(z)): 0.0040/0.0038
[84/100][879/1174] Loss_D: 0.1604 Loss_G: 4.6293 D(x): 0.9582 D(G(z)): 0.0094/0.0100
[84/100][1172/1174] Loss_D: 0.3230 Loss_G: 7.8897 D(x): 0.9693 D(G(z)): 0.0003/0.0003
Epoch 84/100 | G Loss: 5.6721 | D Loss: 0.2646 | Time: 4640.2s
[85/100][293/1174] Loss_D: 0.1358 Loss_G: 5.6790 D(x): 0.9672 D(G(z)): 0.0042/0.0037
[85/100][586/1174] Loss_D: 0.4097 Loss_G: 7.2070 D(x): 0.9937 D(G(z)): 0.2403/0.0015
[85/100][879/1174] Loss_D: 0.0849 Loss_G: 4.9147 D(x): 0.9314 D(G(z)): 0.0083/0.0080
[85/100][1172/1174] Loss_D: 0.2774 Loss_G: 7.1348 D(x): 0.9278 D(G(z)): 0.0006/0.0006
Epoch 85/100 | G Loss: 6.0164 | D Loss: 0.2369 | Time: 4690.0s
[86/100][293/1174] Loss_D: 0.3015 Loss_G: 6.1787 D(x): 0.9276 D(G(z)): 0.0021/0.0017
[86/100][586/1174] Loss_D: 0.0677 Loss_G: 8.1510 D(x): 0.9673 D(G(z)): 0.0003/0.0003
[86/100][879/1174] Loss_D: 0.3953 Loss_G: 6.0475 D(x): 0.9744 D(G(z)): 0.0032/0.0015
[86/100][1172/1174] Loss_D: 0.3446 Loss_G: 6.7075 D(x): 0.8162 D(G(z)): 0.0004/0.0010
Epoch 86/100 | G Loss: 5.8306 | D Loss: 0.2508 | Time: 4745.4s
[87/100][293/1174] Loss_D: 0.3836 Loss_G: 6.9367 D(x): 0.9867 D(G(z)): 0.0013/0.0006
[87/100][586/1174] Loss_D: 0.2475 Loss_G: 6.2776 D(x): 0.9664 D(G(z)): 0.0023/0.0018
[87/100][879/1174] Loss_D: 0.1566 Loss_G: 4.8438 D(x): 0.9803 D(G(z)): 0.0065/0.0089
[87/100][1172/1174] Loss_D: 0.2187 Loss_G: 8.4521 D(x): 0.9906 D(G(z)): 0.0002/0.0002
Epoch 87/100 | G Loss: 5.9058 | D Loss: 0.2463 | Time: 4799.2s
[88/100][293/1174] Loss_D: 0.1399 Loss_G: 5.6434 D(x): 0.9140 D(G(z)): 0.0036/0.0042
[88/100][586/1174] Loss_D: 0.2062 Loss_G: 4.9864 D(x): 0.9355 D(G(z)): 0.0097/0.0071
[88/100][879/1174] Loss_D: 0.1887 Loss_G: 5.2351 D(x): 0.9763 D(G(z)): 0.0065/0.0049
[88/100][1172/1174] Loss_D: 0.2074 Loss_G: 7.5295 D(x): 0.9586 D(G(z)): 0.0005/0.0004
Epoch 88/100 | G Loss: 5.7612 | D Loss: 0.2518 | Time: 4856.8s
[89/100][293/1174] Loss_D: 0.3188 Loss_G: 5.9236 D(x): 0.9577 D(G(z)): 0.0028/0.0018
[89/100][586/1174] Loss_D: 0.7833 Loss_G: 1.5405 D(x): 0.4910 D(G(z)): 0.0012/0.2963
[89/100][879/1174] Loss_D: 0.1744 Loss_G: 3.5251 D(x): 0.9115 D(G(z)): 0.0504/0.0322
[89/100][1172/1174] Loss_D: 0.1346 Loss_G: 5.5238 D(x): 0.9448 D(G(z)): 0.0070/0.0046
Epoch 89/100 | G Loss: 5.9508 | D Loss: 0.2491 | Time: 4915.7s
[90/100][293/1174] Loss_D: 0.2441 Loss_G: 4.6398 D(x): 0.9091 D(G(z)): 0.0144/0.0105
[90/100][586/1174] Loss_D: 0.0469 Loss_G: 9.2680 D(x): 0.9830 D(G(z)): 0.0001/0.0001
[90/100][879/1174] Loss_D: 0.1227 Loss_G: 4.3316 D(x): 0.9962 D(G(z)): 0.0970/0.0146
[90/100][1172/1174] Loss_D: 0.2878 Loss_G: 6.3267 D(x): 0.9539 D(G(z)): 0.0019/0.0012
Epoch 90/100 | G Loss: 5.6246 | D Loss: 0.2621 | Time: 4975.9s
[91/100][293/1174] Loss_D: 0.4651 Loss_G: 5.5296 D(x): 0.9903 D(G(z)): 0.1665/0.0034
[91/100][586/1174] Loss_D: 0.3806 Loss_G: 6.3920 D(x): 0.9857 D(G(z)): 0.0015/0.0013
[91/100][879/1174] Loss_D: 0.2132 Loss_G: 3.6753 D(x): 0.8642 D(G(z)): 0.0106/0.0259
[91/100][1172/1174] Loss_D: 0.2377 Loss_G: 6.0034 D(x): 0.9853 D(G(z)): 0.0048/0.0024
Epoch 91/100 | G Loss: 6.0647 | D Loss: 0.2347 | Time: 5035.3s
[92/100][293/1174] Loss_D: 0.3485 Loss_G: 4.0157 D(x): 0.8736 D(G(z)): 0.0300/0.0141
[92/100][586/1174] Loss_D: 0.2734 Loss_G: 5.4053 D(x): 0.9702 D(G(z)): 0.0089/0.0046
[92/100][879/1174] Loss_D: 0.1703 Loss_G: 4.6071 D(x): 0.9252 D(G(z)): 0.0193/0.0099
[92/100][1172/1174] Loss_D: 0.2012 Loss_G: 9.0303 D(x): 0.9230 D(G(z)): 0.0001/0.0001
Epoch 92/100 | G Loss: 5.9383 | D Loss: 0.2426 | Time: 5088.0s
[93/100][293/1174] Loss_D: 0.2211 Loss_G: 6.5044 D(x): 0.8525 D(G(z)): 0.0003/0.0018
[93/100][586/1174] Loss_D: 0.1404 Loss_G: 8.3063 D(x): 0.9120 D(G(z)): 0.0002/0.0003
[93/100][879/1174] Loss_D: 0.3161 Loss_G: 5.3831 D(x): 0.9645 D(G(z)): 0.0048/0.0036
[93/100][1172/1174] Loss_D: 0.2544 Loss_G: 6.5778 D(x): 0.9497 D(G(z)): 0.0011/0.0010
Epoch 93/100 | G Loss: 5.8782 | D Loss: 0.2563 | Time: 5146.9s
[94/100][293/1174] Loss_D: 0.3225 Loss_G: 6.4130 D(x): 0.9253 D(G(z)): 0.0012/0.0010
[94/100][586/1174] Loss_D: 0.5230 Loss_G: 6.0024 D(x): 0.6187 D(G(z)): 0.0001/0.0025
[94/100][879/1174] Loss_D: 0.4635 Loss_G: 5.0143 D(x): 0.6898 D(G(z)): 0.0008/0.0048
[94/100][1172/1174] Loss_D: 0.3101 Loss_G: 5.6633 D(x): 0.7881 D(G(z)): 0.0005/0.0033
Epoch 94/100 | G Loss: 5.9799 | D Loss: 0.2392 | Time: 5206.0s
[95/100][293/1174] Loss_D: 0.1385 Loss_G: 4.9633 D(x): 0.9810 D(G(z)): 0.0049/0.0078
[95/100][586/1174] Loss_D: 0.1498 Loss_G: 5.4305 D(x): 0.9941 D(G(z)): 0.0074/0.0045
[95/100][879/1174] Loss_D: 0.0729 Loss_G: 3.9149 D(x): 0.9547 D(G(z)): 0.0175/0.0243
[95/100][1172/1174] Loss_D: 0.2061 Loss_G: 8.4412 D(x): 0.9526 D(G(z)): 0.0002/0.0002
Epoch 95/100 | G Loss: 6.0520 | D Loss: 0.2437 | Time: 5263.4s
[96/100][293/1174] Loss_D: 0.2736 Loss_G: 7.0582 D(x): 0.9536 D(G(z)): 0.0013/0.0007
[96/100][586/1174] Loss_D: 0.2919 Loss_G: 5.1437 D(x): 0.9424 D(G(z)): 0.0124/0.0043
[96/100][879/1174] Loss_D: 0.0693 Loss_G: 4.6802 D(x): 0.9554 D(G(z)): 0.0135/0.0118
[96/100][1172/1174] Loss_D: 0.1337 Loss_G: 4.7513 D(x): 0.9558 D(G(z)): 0.0106/0.0092
Epoch 96/100 | G Loss: 5.8211 | D Loss: 0.2545 | Time: 5317.1s
[97/100][293/1174] Loss_D: 0.3511 Loss_G: 6.7814 D(x): 0.9750 D(G(z)): 0.0015/0.0007
[97/100][586/1174] Loss_D: 0.1938 Loss_G: 5.0266 D(x): 0.9627 D(G(z)): 0.0104/0.0069
[97/100][879/1174] Loss_D: 0.3268 Loss_G: 5.4699 D(x): 0.9782 D(G(z)): 0.0083/0.0035
[97/100][1172/1174] Loss_D: 0.2282 Loss_G: 4.9450 D(x): 0.9142 D(G(z)): 0.0181/0.0089
Epoch 97/100 | G Loss: 5.9779 | D Loss: 0.2360 | Time: 5374.8s
[98/100][293/1174] Loss_D: 0.0711 Loss_G: 4.8332 D(x): 0.9440 D(G(z)): 0.0079/0.0088
[98/100][586/1174] Loss_D: 0.2270 Loss_G: 6.5729 D(x): 0.9685 D(G(z)): 0.0014/0.0014
[98/100][879/1174] Loss_D: 0.1576 Loss_G: 7.7812 D(x): 0.9662 D(G(z)): 0.0004/0.0004
[98/100][1172/1174] Loss_D: 0.1663 Loss_G: 7.9558 D(x): 0.9826 D(G(z)): 0.0004/0.0004
Epoch 98/100 | G Loss: 6.0519 | D Loss: 0.2415 | Time: 5427.9s
[99/100][293/1174] Loss_D: 0.0970 Loss_G: 4.0074 D(x): 0.9432 D(G(z)): 0.0289/0.0205
[99/100][586/1174] Loss_D: 0.0516 Loss_G: 5.8055 D(x): 0.9736 D(G(z)): 0.0036/0.0036
[99/100][879/1174] Loss_D: 0.2740 Loss_G: 6.7929 D(x): 0.9107 D(G(z)): 0.0010/0.0009
[99/100][1172/1174] Loss_D: 0.2191 Loss_G: 5.9021 D(x): 0.8619 D(G(z)): 0.0013/0.0028
Epoch 99/100 | G Loss: 5.9510 | D Loss: 0.2415 | Time: 5484.6s
[100/100][293/1174] Loss_D: 0.1395 Loss_G: 5.1554 D(x): 0.9466 D(G(z)): 0.0642/0.0073
[100/100][586/1174] Loss_D: 0.3155 Loss_G: 5.6886 D(x): 0.9458 D(G(z)): 0.0050/0.0031
[100/100][879/1174] Loss_D: 0.1626 Loss_G: 7.2081 D(x): 0.9140 D(G(z)): 0.0007/0.0009
[100/100][1172/1174] Loss_D: 0.1690 Loss_G: 9.1129 D(x): 0.9877 D(G(z)): 0.0001/0.0001
Epoch 100/100 | G Loss: 5.9426 | D Loss: 0.2484 | Time: 5543.0s
Checkpoints saved: results/cdcgan/run_20260531-033636/generator_epoch_100.pth, results/cdcgan/run_20260531-033636/discriminator_epoch_100.pth

Final models saved: results/cdcgan/run_20260531-033636/generator_final.pth, results/cdcgan/run_20260531-033636/discriminator_final.pth
cDCGAN run: results/cdcgan/run_20260531-033636

============================================================
ALL EXPERIMENTS COMPLETE
Forward run:        results/forward_predictor/run_20260531-020352
AE det run:         results/design_autoencoder_det/run_20260531-021104
AE vae run:         results/design_autoencoder_vae/run_20260531-022427
Diffusion det run:  results/latent_diffusion_det/run_20260531-023907
Diffusion vae run:  results/latent_diffusion_vae/run_20260531-030317
cDCGAN run:         results/cdcgan/run_20260531-033636
Master log:         results/experiment_logs/all_experiments_20260531-020348.log
============================================================
